"planet_number","p_name","Star_idx","MASS","relative density","radius (earth)","Terrain","type_climate"
1,"Amaterasu IX",4413,4.3,0.966,1.65,"urban|ice cave|ocean|cliff|barren|savanna|city|rocky desert","temperate|subartic|artic|tropical|superheated|arid|windy"
2,"Mesarthim XXII",7399,1.01,1.326,0.91,"acid pool|verdant","humid"
3,"Mesarthim XXIII",7399,1.56,1.231,1.08,"vine|field|volcano|canyons|fungus forest","subartic|hot|tropical|temperate"
4,"Stardrake Hestian",584,NA,1.255,1.04,"ash|city|plain|rainforest|reef","hot|artic|superheated"
5,"Ain III",6628,5.64,0.635,2.07,"desert|forest","artic|rocky"
6,"Ain XVIII",6628,2.55,0.578,1.64,"sea|ocean|grassy hill","rocky|subartic|hot"
7,"Ain VIII",6628,7.61,0.589,2.35,"cave|rocky desert|ocean|plain|rocky canyon|verdant|hill","windy|superheated|hot|tropical|artificial temperate|temperate|frozen"
8,"Tsubasa Echoes Alpha",1572,1.11,1.089,1.01,"lakes|sea|canyons|vine|rocky canyon","arid|tropical|windy|temperate"
9,"Tsubasa Echoes Kappa",1572,1.33,1.036,1.09,"barren|jungle|field|grassland|forest|tundra|plateau|mountain","tropical|arid|temperate|artificial temperate|frozen|windy|hot"
10,"Ombraflux Zeta",524,NA,1.072,1.2,"mountain|volcano","tropical|superheated|subartic"
11,"Cerulean Abyss Sirenios",4095,1.16,1.147,1,"cave","subartic|frozen|frigid|hot|tropical|artificial temperate|humid"
12,"Zephyriax Chimeraean",3717,2.2,1.235,1.21,"grassland|ocean","superheated|temperate|windy"
13,"Minchir Hestian",9830,4.78,1.27,1.56,"lakes|cityscape|plain|savanna","artificial temperate|windy|humid|hot"
14,"Phantara Delta",7014,8.27,1.021,2.01,"rocky island|swamp|rainforest|river|grassy hill|cave","tropical|artificial temperate|temperate|frozen"
15,"Toliman Gaian",6952,5.99,1.112,1.75,"rocky island|desert|plateau|lakes","hot|tropical|frigid|artificial temperate"
16,"Auroraflame Demetrian",4592,7.21,0.654,2.23,"acid pool|plateau|forest|tundra|glacier","temperate|frozen|humid|artificial temperate|tropical|hot|arid"
17,"Nebula Obscura Sigma",8399,2.02,0.885,1.32,"fungus forest|tundra","hot|subartic|superheated|frozen|artificial temperate"
18,"Nebula Obscura Lambda",8399,7.87,0.63,2.32,"toxic cloudsea|rainforest|hill|rocky canyon|ash|urban|river|ocean|verdant","artic|frigid|rocky|tropical|superheated|subartic"
19,"Antares Delta",4853,8.48,0.833,2.17,"grassland|mountain","temperate|arid|hot|superheated|artic"
20,"Antares Gamma",4853,7.46,0.947,1.99,"mountain|urban|ocean","rocky|subartic|windy|frozen|humid|temperate"
21,"Denebola Cerberian",7184,0.85,1.116,0.91,"cityscape","subartic|rocky|tropical"
22,"Angetenar IV",8385,0.6,0.829,0.9,"sinkholes","frigid|hot|arid|windy"
23,"Angetenar XIII",8385,1.35,0.423,1.47,"field","arid|humid|temperate"
24,"Asellus Borealis Orphean",7483,7.96,1.219,1.87,"valley|rocky island","hot|frigid|windy|rocky|temperate"
25,"Tsukiyo San",676,1.23,0.853,1.13,"volcano|cityscape","superheated"
26,"Tsukiyo Jiu",676,4.8,0.996,1.69,"vine","artic|frigid|frozen|hot"
27,"Ebon Depths XI",8534,6.78,0.729,2.1,"cliff|plain","hot|temperate"
28,"Giausar XII",6361,1.67,0.938,1.21,"ocean|city|mountain|valley|lakes|fungus forest","subartic|frigid|tropical|humid"
29,"Solaris Zephyrian",6032,8.4,0.69,2.3,"verdant","hot|arid"
30,"Errai Liu",233,5.79,0.896,1.86,"savanna|rocky island","superheated|temperate|frozen|humid|arid"
31,"Errai Ba",233,4.03,1.02,1.58,"ocean|verdant","artificial temperate"
32,"Horus' Ascendance Qi",6806,1.02,1.5,0.88,"volcano","frozen|superheated|humid|windy"
33,"Absolutno Tertial",5126,4.18,1.208,1.51,"island|ice cave|cliff","frigid|hot|frozen|arid"
34,"Absolutno Duodecimal",5126,3.97,1.252,1.47,"jungle","humid|superheated|hot"
35,"Absolutno Octal",5126,2.28,1.187,1.24,"cityscape","artic|frozen|rocky|windy"
36,"Pharaoh's Veil Nereidos",3458,3.47,1.31,1.38,"grassland|field","frozen|frigid|temperate|windy"
37,"Pharaoh's Veil Olympus",3458,NA,0.951,0.92,"swamp","windy"
38,"Pharaoh's Veil Athenian",3458,1.4,0.783,1.21,"savanna|sinkholes|rocky island|rocky desert|island|field|forest|rainforest","rocky|temperate|hot|arid|artic|humid"
39,"Umbral Silence Tritonian",3481,4.87,0.866,1.78,"hill","tropical|artic|temperate|frigid"
40,"Cryptic Mirage XIX",6785,2.07,1.139,1.22,"lakes|swamp|acid pool","humid|arid|subartic|artificial temperate"
41,"Cryptic Mirage XVII",6785,6.85,0.568,2.29,"cityscape|reef|volcano|ocean|plain|rocky desert|grassy hill","hot|windy|tropical|superheated|arid|frozen"
42,"Cryptic Mirage X",6785,9.32,1.134,2.02,"cliff|rock arche|reef|lava river|rocky canyon|rocky desert|rocky island|grassy hill","artificial temperate|windy|arid|subartic|rocky|frigid"
43,"Hadar Alpha",6734,3.87,1.234,1.46,"urban","artic"
44,"Hinotori Whispers Hecatean",9392,4.97,0.87,1.79,"hill|vine","hot|artificial temperate|temperate"
45,"Radiancea VI",5155,0.81,1.029,0.92,"rocky island|tundra|canyons|rainforest|lava river|ice canyon","hot|humid|arid|subartic"
46,"Alasia Lambda",2785,1.15,1.036,1.04,"hill|canyons|savanna|grassy hill","hot|tropical|humid|frigid"
47,"Alasia Rho",2785,4.17,0.912,NA,"grassy hill","subartic|temperate"
48,"Gakyid Hecatean",3722,1.32,0.694,1.24,"rocky desert|jungle","subartic|superheated|rocky|artic|frozen"
49,"Nebulaflux XVI",2673,2.43,0.805,1.45,"cityscape|lakes|toxic cloudsea|plain|mountain","hot|rocky|windy|artificial temperate|superheated|temperate|artic"
50,"Solaraether Irisian",9821,8.41,1.312,1.86,"mountain|ocean|river|city","frozen|tropical|humid"
51,"Petra Phi",8960,5.08,1.105,NA,"cityscape|reef|sinkholes","humid|artificial temperate|superheated|artic|arid"
52,"Ma'at's Celestial Orphean",1466,4.76,0.686,1.91,"savanna|jungle|reef|urban","artic|subartic|superheated|humid"
53,"Karaka Prime",67,1.45,1.081,1.1,"fungus forest|glacier","frigid|superheated|humid|tropical|artificial temperate"
54,"Markab XXIII",4658,0.81,1.005,0.93,"rocky desert|verdant","windy|tropical|arid|artic"
55,"Kawa Enigma Omicron",349,1.66,0.874,1.24,"mountain|island|sinkholes","hot|frozen"
56,"Kawa Enigma Phi",349,1.51,0.801,1.24,"ash","arid|hot|humid"
57,"Stellarnova Septimal",1914,1.42,1.31,1.03,"ocean|reef|lakes|glacier","artificial temperate|artic|windy|hot"
58,"Arneb Upsilon",6998,2.58,0.915,1.41,"verdant|canyons","superheated|frigid"
59,"Rigil Kentaurus XXIV",177,8.4,1.129,1.95,"plain","frigid|hot"
60,"Isis' Celestial Nonal",1805,3.45,0.297,2.27,"desert|jungle|fungus forest|island|rock arche","arid|artificial temperate|hot|tropical|artic|windy"
61,"Isis' Celestial Duodecimal",1805,3.69,1.237,1.44,"sea|river|jungle|rocky canyon|lakes|island","rocky|artificial temperate|tropical|humid"
62,"Ignitionix Vigesimal",5842,2.93,1.007,1.43,"ash|sea|island","artic|hot|subartic|frozen|artificial temperate|frigid"
63,"Spectral Veil I",1093,2.31,0.814,1.42,"rocky island","rocky|tropical"
64,"Spectral Veil IX",1093,2.27,0.882,1.37,"urban|plateau","arid|superheated"
65,"Spectral Veil XVIII",1093,0.85,1.2,0.89,"vine|ice canyon|bog|grassland","arid|artic|hot|temperate|subartic|windy"
66,"Sadalbari Yi",1576,3.62,0.87,1.61,"plain|jungle|field|cityscape|mountain","subartic|hot|tropical|arid"
67,"Sadalbari Wu",1576,1.2,1.275,0.98,"urban|volcano","hot|windy"
68,"Sadalbari Liu",1576,6.77,0.813,2.03,"vine|plain","humid|artificial temperate|rocky|windy"
69,"Starlight Shroud Beta",6818,1.13,1.377,0.94,"hill|ice cave|plateau|sea|jungle","tropical|arid|rocky|artic"
70,"Starlight Shroud Rho",6818,1.1,1.152,0.98,"reef|glacier|ocean|bog|volcano|field|sinkholes|canyons","arid|frozen|rocky|humid|hot|tropical|artificial temperate"
71,"Flegetonte Hadean",1544,5.08,1.064,1.68,"city|jungle|rock arche|fungus forest","frigid|tropical|frozen"
72,"Titanium Enigma Epsilon",1832,3.1,1.585,1.25,"sea|ocean|glacier|reef|field|urban","rocky|artic|superheated|humid"
73,"Titanium Enigma Rho",1832,6.15,0.989,1.84,"glacier|ice canyon|vine|city|reef|river","frigid|windy|frozen|rocky|artificial temperate|artic|temperate"
74,"Dschubba Hermian",6342,5.55,0.521,2.2,"hill|cave","tropical|superheated|windy|rocky"
75,"Anubis' Radiance Faunios",9634,2.28,0.872,1.38,"desert|canyons|barren","rocky|arid"
76,"Yugure Radiance Theta",960,4.05,1.193,1.5,"city|hill|sea|ice cave|vine","artic|rocky|subartic|frigid"
77,"Rasalgethi III",3311,1.91,1.244,1.15,"glacier|grassy hill|city|grassland|desert|cave|vine|mountain","hot|frigid|temperate|artificial temperate|frozen"
78,"Rasalgethi XVIII",3311,8.51,1.128,1.96,"hill|acid pool","windy|tropical|humid|arid|artic"
79,"Rasalgethi I",3311,7.61,1.123,1.89,"field|swamp|cave|desert","arid|artificial temperate|artic|humid"
80,"Brimstone Shi",9423,1.38,1.392,1,"valley|mountain|cave|plateau","hot|frigid|subartic|windy|frozen"
81,"Quantum Mirage Atlasios",6355,1.64,0.995,1.18,"rocky desert|valley|glacier|ice cave|jungle","hot|tropical|arid|windy|frigid"
82,"Nyxian Whispers Duodecimal",9600,1.18,1.477,0.93,"island","windy|hot|rocky|humid"
83,"Aladfar XIX",3942,4.62,0.94,1.7,"glacier|city|lava river","windy|hot|frigid"
84,"Celestial Ember Sigma",753,1.33,0.72,1.23,"bog|fungus forest","artic|hot"
85,"Celestial Ember Theta",753,1.06,0.903,1.05,"toxic cloudsea|canyons|jungle","hot|frozen|tropical|artic|humid"
86,"Ryusei Pi",5512,2.25,1.118,1.26,"swamp|grassland","subartic|humid|artic|windy|rocky"
87,"Ryusei Phi",5512,1.8,0.855,1.28,"acid pool|rainforest","humid|windy"
88,"Kiseki Expanse Nemesisian",6281,1.42,0.793,1.21,"island|rainforest|acid pool|hill|lakes","artificial temperate|rocky|humid|hot"
89,"Tuiren Theta",9614,2.8,0.503,1.77,"acid pool|ice canyon|cityscape|fungus forest|plain","artic|frigid|subartic|humid"
90,"Meissa Atlasios",1746,7.57,0.833,2.09,"urban|hill|cityscape|bog|grassland","artic|tropical|windy|artificial temperate|temperate"
91,"Astrophia Pegasusian",9374,4.43,1.036,1.62,"plain|city|rocky island|rock arche|savanna","artificial temperate|arid|windy|subartic|frigid"
92,"Astrophia Psychean",9374,1.72,1.026,1.19,"ash|reef","artificial temperate|superheated|windy|subartic|frozen"
93,"Belel Pantheon",8442,1.12,0.79,1.12,"toxic cloudsea","windy"
94,"Kagayaki Celestial Chi",6862,5.01,0.727,1.9,"cliff","frozen"
95,"Castor Atlasios",1227,9.08,1.319,1.9,"barren|cave|cityscape|river|ice cave","hot|arid|rocky|tropical|frozen"
96,"Ascella Kappa",1708,0.88,0.558,1.16,"mountain|jungle","arid|artic|superheated|subartic|rocky|hot|tropical"
97,"Sakura's Silence Nu",7106,3.38,1.263,NA,"mountain|ash|rock arche|hill|tundra|barren","frozen|arid|rocky|subartic|temperate|superheated"
98,"Sakura's Silence Xi",7106,0.59,0.905,0.87,"rocky canyon|grassy hill","hot|humid|artificial temperate|rocky"
99,"Revati Apollox",1142,1.23,0.8,1.15,"plain|urban","humid"
100,"Mebsuta Sigma",5506,3.01,0.893,1.5,"rocky canyon|rocky island|lakes","humid|temperate"
101,"Eaglecrest Phi",1403,6.98,0.904,1.98,"urban|island","temperate|frozen|humid"
102,"Eaglecrest Xi",1403,1.09,0.691,1.16,"field|fungus forest|forest|lakes","superheated|humid|frozen|subartic"
103,"Eaglecrest Pi",1403,3.26,0.884,1.54,"bog|toxic cloudsea|glacier|sea","artic|superheated|frigid|hot|temperate|tropical"
104,"Ignitionara Alpha",9734,2.69,1.324,1.27,"plain|volcano|rocky desert|ash|rocky canyon","hot|superheated|tropical|artic|frozen"
105,"Zypheria Septimal",2989,2.38,0.642,NA,"plateau|rainforest|hill|reef|swamp","humid|hot|subartic|artic"
106,"Zypheria Quintal",2989,NA,0.978,1.48,"desert","superheated|subartic|windy|hot"
107,"Mahasim Dionian",8314,4.96,0.582,2.04,"cliff|plain|ash|volcano|reef|vine","rocky|humid|temperate|tropical|subartic|artificial temperate|hot"
108,"Mahasim Hecatean",8314,5.53,0.932,1.81,"savanna|acid pool|vine|grassy hill","windy|frigid|humid|tropical"
109,"Mahasim Apollox",8314,1.37,0.931,1.14,"volcano|rock arche","windy|superheated|temperate|artic"
110,"Aurum Obscura Gaios",9128,4.52,0.65,1.91,"rocky island|ice canyon|plateau|grassland|rainforest|toxic cloudsea","arid|frozen|temperate|superheated|artic|rocky"
111,"Darkonium Phi",7989,7.25,1.168,1.84,"urban|rock arche|fungus forest|verdant|canyons","tropical|windy|temperate|humid|rocky"
112,"Darkonium Upsilon",7989,5.73,0.618,2.1,"bog|jungle","artic|tropical|superheated|temperate|windy|rocky"
113,"Darkonium Lambda",7989,3.24,1.115,1.43,"vine|jungle|forest","tropical|arid"
114,"Mirzam Decimal",7703,2.55,1.228,1.28,"city|rocky island|field|glacier|ice cave|ice canyon|rocky desert","superheated|rocky|arid|tropical|subartic"
115,"Mirzam Vigesimal",7703,7.04,1.36,1.73,"verdant","rocky|artificial temperate|frozen|artic"
116,"Mirzam Tertial",7703,7.27,1.365,1.75,"desert|rock arche|rainforest","artic|frigid|superheated|frozen"
117,"Regulus Herculean",2429,3.85,0.758,1.72,"tundra","superheated|windy|hot|frozen"
118,"Sekhmet's Resonance Hermian",4824,1.71,0.891,1.24,"field|sinkholes|acid pool","hot|artificial temperate|frigid|tropical"
119,"Sekhmet's Resonance Hadean",4824,5.89,1.127,1.74,"river|plain","arid|artic|temperate|subartic|frigid"
120,"Uchū Veil V",8204,8.53,1.276,1.88,"rainforest|volcano|savanna|field","humid|hot|artificial temperate|arid|windy|superheated"
121,"Ravenshadow Undecimal",4005,8.32,1.017,2.02,"fungus forest|ocean|ash|canyons","hot|arid|artic"
122,"Ravenshadow Vigesimal",4005,6.78,0.803,2.04,"forest","temperate"
123,"Astrylis Nereidos",7313,8.72,1.041,2.03,"grassy hill","artificial temperate|frigid|superheated|windy|subartic|artic"
124,"Irena XII",2362,7.28,1.125,1.86,"river|forest|field","temperate|artificial temperate"
125,"Mikado Serenity Si",9430,3.46,0.586,1.81,"verdant","arid|frozen|artificial temperate"
126,"Mikado Serenity San",9430,2.92,0.897,1.48,"sinkholes|plateau|jungle|ash","artificial temperate|windy|temperate|hot|frigid"
127,"Anadolu Vigesimal",3496,6.35,1.055,1.82,"tundra|cave","windy|frozen|subartic"
128,"Asellus Australis Xi",7384,1.11,1.229,0.97,"ice cave|sea","frozen|rocky|humid"
129,"Vortexara Psi",9662,6.51,1.123,1.8,"barren|bog|scrubland|plateau|tundra|field","arid|artic|rocky|temperate|frozen"
130,"Vortexara Sigma",9662,1.85,1.246,1.14,"ash","superheated|rocky|subartic|tropical|temperate"
131,"Vortexara Omicron",9662,1.92,1.196,NA,"volcano|ice cave|acid pool|verdant|hill","frozen|frigid|superheated"
132,"Sora Septimal",172,3.56,1.048,NA,"mountain|cityscape","temperate"
133,"Maasym Atlasios",934,1.65,0.947,1.2,"cityscape","tropical"
134,"Alpheratz Centaurios",4746,0.6,0.904,0.87,"glacier","artic|frigid|rocky|frozen|tropical|superheated|subartic"
135,"Alpheratz Aphroditos",4746,0.58,0.94,0.85,"plain|volcano","frozen|artic|arid|frigid|superheated"
136,"Lunacara II",9698,2.29,1.167,1.25,"city|tundra|hill|field","temperate|rocky|artic|frigid"
137,"Lunacara XXI",9698,5.23,1.083,1.69,"scrubland|reef|cave","arid|artificial temperate|hot|superheated"
138,"Zenithariana XV",2255,1.98,1.135,1.2,"acid pool|ice cave|valley","frozen|humid|tropical|subartic"
139,"Zenithariana VI",2255,2.09,1.196,1.2,"rainforest|fungus forest|rock arche|urban|cliff|island|forest","rocky|hot|arid|humid|windy|artificial temperate"
140,"Starglow Haven Nu",8320,6.19,0.8,1.98,"sea|savanna|island|ice canyon","superheated|frigid|rocky|humid"
141,"Rōka V",3632,5.4,1.081,1.71,"cityscape|grassy hill|plain|forest|fungus forest|savanna|desert|rocky desert|tundra|ice cave|canyons","temperate|subartic|rocky|humid|hot|tropical|artificial temperate"
142,"Rōka XX",3632,8.22,0.971,2.04,"bog|rock arche","frozen|tropical"
143,"Rōka XVII",3632,7.24,0.831,2.06,"canyons|rocky canyon|ice cave|rocky island","windy|hot|temperate|subartic|tropical"
144,"Phantasma Iota",1479,2.79,0.959,1.43,"valley|vine","temperate|hot"
145,"Alkaid XVI",3591,5.6,1.215,1.66,"city|mountain","artic|temperate|tropical|superheated|frozen|windy|artificial temperate"
146,"Alkaid IX",3591,0.84,1.134,0.9,"ice canyon|fungus forest|sea|cliff|plateau","hot|superheated|frigid|frozen|windy|tropical"
147,"Alkaid X",3591,0.75,1.124,0.87,"scrubland|cityscape|hill|barren","tropical|frozen|temperate|windy|hot|arid"
148,"Theemin Shi",9431,0.65,0.766,NA,"field|plain","subartic|artificial temperate|frigid"
149,"Theemin Wu",9431,1.63,1.318,1.07,"desert|swamp|valley|city|glacier","temperate|superheated|humid|frozen"
150,"Wazn Aphroditos",8976,7.51,0.832,2.08,"verdant|swamp|rocky island|cave|jungle|cityscape|river","hot|tropical|artic|windy|humid|frigid|frozen"
151,"Wazn Orphean",8976,5.55,1.328,1.61,"bog|fungus forest|desert|urban","arid|tropical|artic|humid"
152,"Lunaris Phi",1592,3.06,1.085,1.41,"ice canyon","hot|windy|humid|artic"
153,"Lunaris Pi",1592,4.54,1.626,1.41,"rocky island|rocky canyon|volcano","subartic|windy|hot|tropical|artificial temperate|artic|superheated"
154,"Lunaris Tau",1592,1.79,1.225,1.13,"ice canyon|rocky canyon|cave|grassy hill","artic|hot|tropical"
155,"Nocturnal Silence Titanos",314,9.77,1.006,2.13,"ice canyon|plain|rock arche|valley","artic|tropical|temperate"
156,"Nocturnal Silence Olympios",314,1.01,0.87,1.05,"grassy hill|glacier|hill|rainforest","tropical|subartic|windy|artificial temperate"
157,"Sarin Wu",9344,5.25,1.244,1.62,"plain","temperate|frigid|superheated|subartic|windy|tropical"
158,"Sarin Yi",9344,9.13,1.19,1.97,"ice cave|plain|savanna|cave|cityscape|volcano","subartic|frigid|arid|artificial temperate|superheated"
159,"Tureis Duodecimal",2121,2.74,0.577,1.68,"rocky canyon|rocky desert|reef|ice canyon","windy|temperate|tropical|frozen|subartic|superheated|frigid"
160,"Tureis Octal",2121,3.49,0.891,1.58,"desert|ice canyon|cave|grassland|jungle|urban|barren|plateau|fungus forest|rocky canyon","rocky|arid|temperate|hot|humid|artificial temperate|artic"
161,"Ignitara Vigesimal",1646,4.29,0.795,1.75,"cave|island|rocky island","windy|rocky|frigid"
162,"Ignitara Duodecimal",1646,4.39,0.844,1.73,"hill|acid pool|barren|lakes|sinkholes","arid|subartic|hot"
163,"Wyrmslayer X",6887,8.28,0.705,2.27,"river|rock arche|hill","frozen|frigid|tropical|humid"
164,"Nebulonix Wu",2248,0.98,0.994,1,"cave","subartic|artificial temperate|frozen"
165,"Nebulonix Liu",2248,9.93,1.105,2.08,"plain","artic|temperate"
166,"Cassionix IX",8197,5.25,0.937,1.78,"rocky desert|hill|grassland|bog|swamp","hot|arid|frigid|humid|frozen"
167,"Grimclaw Quartal",1076,NA,0.81,2.05,"ash|cave","temperate|superheated"
168,"Riftwanderer XVIII",5911,1.79,1.02,1.21,"ice canyon|sinkholes|mountain","artic|rocky|superheated|frozen"
169,"Riftwanderer VII",5911,9.68,1.21,2,"cliff|scrubland|cave|savanna|jungle","tropical|artic|hot|frozen|subartic|humid|arid"
170,"Riftwanderer XVI",5911,NA,0.681,1.29,"acid pool|tundra|city|toxic cloudsea|cave|lava river","superheated|artic|hot|humid"
171,"Canopus Herculean",7074,4.98,0.617,2.01,"plateau|sinkholes|acid pool","windy|temperate|rocky|arid|artificial temperate|superheated|frozen"
172,"Adhafera Septimal",4926,2.07,1.353,1.15,"volcano|river|cliff|rainforest|mountain","superheated|subartic|windy|rocky|arid"
173,"Deneb III",2805,1,0.928,1.03,"toxic cloudsea","superheated|rocky|frozen|arid"
174,"Chamukuy Secant",8095,2.27,1.014,1.31,"rainforest|sinkholes|canyons|island|jungle|cliff","superheated|hot|arid|subartic|artificial temperate|artic"
175,"Baten Kaitos Tritonian",7028,NA,0.925,1.26,"jungle|plain","humid|arid|windy|tropical"
176,"Icarian Cipher Gaios",3143,2.89,0.843,1.51,"ice canyon|rocky desert|swamp","artificial temperate|frigid|frozen|tropical"
177,"Alkalurops II",5368,5.66,0.8,1.92,"hill|forest","rocky|superheated|frozen|tropical"
178,"Alkalurops XXII",5368,2.09,0.97,1.29,"mountain|urban","frigid|hot|subartic|arid"
179,"Alkalurops VII",5368,1.3,1.125,1.05,"forest|ice canyon|jungle","frigid|tropical|rocky|hot|windy|frozen|subartic"
180,"Lygos Veil Quintal",2227,2.96,0.951,1.46,"forest|urban|tundra","artificial temperate|subartic|frigid|humid"
181,"Lygos Veil Quartal",2227,8.87,0.88,2.16,"lava river","humid|arid|rocky"
182,"Tenshi Echoes Jiu",7195,4.1,1.283,1.47,"acid pool","artic|humid|hot|arid|frigid"
183,"Tenshi Echoes Si",7195,3.18,1.045,1.45,"reef|island|rocky island|cave|verdant","tropical|hot|temperate|frozen|windy|artificial temperate"
184,"Nekkar Echoian",7203,2.04,0.988,1.27,"river|tundra","subartic|frigid|tropical"
185,"Ra's Echo VI",2665,3.98,1.06,1.55,"vine|rocky island|ice cave|fungus forest|valley","artificial temperate|frozen|hot|temperate|tropical|artic|windy"
186,"Ra's Echo XXII",2665,2.78,0.93,1.44,"rock arche|lava river","windy|artificial temperate|hot"
187,"Tsuki's Beacon XX",6321,5.22,0.823,1.85,"verdant|cityscape|sinkholes|cliff|rocky canyon","humid|superheated|arid"
188,"Kochab II",9824,2.89,1.02,1.42,"acid pool|plain|scrubland","windy|temperate|humid|arid|frigid"
189,"Hanami Echo Omicron",8781,3.02,0.668,1.65,"acid pool|cave|volcano","frozen|superheated"
190,"Hanami Echo Upsilon",8781,3.34,1.524,1.3,"glacier|sea","temperate|rocky|humid|tropical|frozen"
191,"Hanami Echo Xi",8781,7.76,1.105,1.91,"rainforest","tropical"
192,"Kaveh Epsilon",1344,2.57,1.615,1.17,"jungle|cityscape|rocky canyon|valley|grassy hill|vine","temperate|windy|subartic|humid|superheated|hot|tropical"
193,"Nefertiti's Nebula Theta",2769,1.01,0.987,1.01,"lakes","superheated|windy|subartic"
194,"Bosona VII",3659,2.09,1.445,1.13,"field|island|river","artic|tropical"
195,"Liesma Delta",5134,1.2,0.878,1.11,"verdant|cityscape|glacier","subartic|frozen"
196,"Sheliak Nymphios",3359,0.66,0.657,1,"ice cave","windy|superheated|frozen|artic|arid|tropical"
197,"Sheliak Poseidian",3359,4.65,1.307,NA,"fungus forest","rocky|superheated|tropical|hot"
198,"Sheliak Centaurios",3359,8.66,1.547,1.78,"mountain","hot|humid|temperate|artificial temperate|rocky|frozen"
199,"Kaze Herculean",2315,1.38,0.649,1.29,"rocky canyon","tropical|frozen|temperate|hot"
200,"Kaze Irisian",2315,8.78,0.973,2.08,"vine|bog","frigid|hot|rocky|windy"
201,"Albaldah Secant",5024,1.54,1.143,1.1,"urban|hill|island|rock arche|volcano|sea","rocky|arid|frozen|frigid|artificial temperate"
202,"Albaldah Prime",5024,9.19,1.062,2.05,"volcano|ocean|city|glacier","hot|frigid|rocky|temperate"
203,"Albaldah Quintal",5024,8.24,0.503,2.54,"valley|grassland|urban|plateau","subartic|hot|windy|humid"
204,"Xihe Octal",6223,NA,1.529,0.9,"city|forest","hot|arid|humid"
205,"Luminous Ember Kappa",1000,8.34,0.98,2.04,"rocky island|savanna","artificial temperate|windy|humid|superheated"
206,"Brimwarden San",332,2.82,0.844,1.49,"desert|island","hot|temperate"
207,"Brimwarden Yi",332,1.87,1.112,1.19,"rocky canyon|city|cave|plain|lakes|island","temperate|artificial temperate|frozen|artic"
208,"Brimwarden Ba",332,9.06,1.165,1.98,"bog|tundra|lava river|canyons","superheated|temperate|frozen|tropical|arid|subartic|humid"
209,"Anubis' Echo Xi",4974,0.84,0.909,NA,"hill","rocky"
210,"Anubis' Echo Zeta",4974,2.31,1.223,1.24,"mountain|island","temperate"
211,"Anubis' Echo Delta",4974,2.37,0.834,1.42,"city|river","arid|artificial temperate"
212,"Obelisk Whisper Dionysios",9184,7.73,1.046,1.95,"lakes|river|cliff|plain|grassy hill|volcano","artificial temperate|superheated|humid|tropical|hot"
213,"Samurai's Ember VII",6018,2.72,0.731,1.55,"mountain|vine|bog|valley|cliff","rocky|windy|subartic|hot|artic|arid"
214,"Stellaria Crypt II",6024,2.12,0.796,1.39,"plain","frozen"
215,"Diya Helios",7107,1.19,0.926,1.09,"rock arche","hot|artic|humid|subartic"
216,"Astral Serenity Jiu",132,4.93,0.838,1.81,"jungle|rocky desert","frozen|superheated"
217,"Astral Serenity San",132,1.39,0.986,1.12,"rocky canyon|grassland|sea|forest","temperate|superheated|arid|artificial temperate|frozen|rocky|windy"
218,"Astral Serenity Ba",132,8.67,0.904,2.12,"jungle|tundra","hot|rocky|superheated|artificial temperate|windy"
219,"Citadelle Apollox",2148,9.4,0.889,2.2,"ash|fungus forest","tropical|superheated|hot"
220,"Citadelle Hadean",2148,2.44,0.838,1.43,"tundra|grassy hill|island|scrubland","temperate|subartic|arid|frigid"
221,"Citadelle Janusian",2148,5.56,1.366,1.6,"savanna","frozen|artificial temperate|arid"
222,"Astrum Quasar Octal",5600,2.56,0.959,1.39,"cave","artificial temperate"
223,"Solarion Cerberian",289,3.34,0.952,1.52,"fungus forest","rocky|tropical|artificial temperate|windy|superheated"
224,"Solarion Pegasusian",289,1.07,1.135,0.98,"jungle|volcano|acid pool|tundra|vine|fungus forest|field","hot|humid|artic|superheated|rocky"
225,"Lilii Borea Psychean",7606,NA,1.081,1.03,"urban|verdant|acid pool","windy|rocky|superheated|hot"
226,"Vorpal Abyss XV",5305,3.77,1.285,1.43,"valley","superheated"
227,"Fomalhaut Pi",2147,9.24,0.607,2.48,"rainforest","subartic|frigid|humid|frozen|windy"
228,"Fomalhaut Omega",2147,0.71,0.843,0.94,"field","windy|superheated|artificial temperate|subartic|arid"
229,"Fang Undecimal",2809,1.63,0.754,1.29,"rock arche","hot|artificial temperate|windy|frigid"
230,"Ryusei Radiance Octal",7858,2.69,0.505,1.75,"grassland|hill","humid"
231,"Markeb Decimal",4671,6.6,1.186,1.77,"plateau|plain","subartic|artic|arid"
232,"Markeb Prime",4671,0.83,0.707,1.05,"city|mountain|rainforest","superheated|frigid"
233,"Nebulium Vigesimal",1213,6.21,0.973,1.85,"hill|sea","windy|arid|frigid"
234,"Nebulium Tertial",1213,2.05,1.085,1.24,"grassy hill|lava river","temperate|humid|arid"
235,"Nebulium Quintal",1213,3.94,0.849,1.67,"savanna|barren|urban","arid|subartic|rocky"
236,"Arcanum Flux Wu",5861,1.88,1.037,NA,"ash|mountain|rocky desert|ice canyon|savanna","subartic|frozen|artic|hot"
237,"Komorebi Cascade Cerberian",1536,5.07,1.212,1.61,"acid pool|ocean|city|ash|ice canyon|vine|valley","subartic|hot|frigid|humid|temperate|frozen"
238,"Bastet's Horizon Decimal",5392,1.11,0.816,1.11,"volcano|mountain|verdant|cityscape","artic|superheated|tropical|artificial temperate"
239,"Cosmic Shadows Duodecimal",3204,5.24,1.424,1.54,"lakes|rocky canyon|island","arid|hot|frozen|tropical|humid|temperate"
240,"Nebuloria Er",8900,3.56,0.865,1.6,"plateau|rocky canyon","temperate|artic|subartic"
241,"Nebuloria Shi",8900,2.31,1.014,1.32,"island|sea|urban","tropical|rocky"
242,"Cleopatra's Resonance Vigesimal",9794,5.79,1.735,1.49,"desert|lakes|ocean","arid|artificial temperate|artic|hot|windy"
243,"Cleopatra's Resonance Nonal",9794,6.97,1.126,1.84,"mountain|lakes|rainforest|ocean|barren|tundra|acid pool|volcano","frigid|tropical|rocky|frozen|arid"
244,"Cleopatra's Resonance Prime",9794,3.78,1.123,1.5,"reef|fungus forest","hot"
245,"Piautos III",8069,1.67,1.531,1.03,"scrubland","rocky|arid|windy|frozen|hot"
246,"Piautos XI",8069,2.59,0.927,NA,"ice canyon|plateau|sinkholes","hot|artificial temperate|frigid|humid"
247,"Heliosara San",1586,1.89,1.299,1.13,"island|fungus forest","arid|tropical"
248,"Heliosara Wu",1586,6.99,0.776,2.08,"rocky canyon|river|valley|ash|barren","frigid|artic|rocky|arid|superheated|tropical|artificial temperate"
249,"Nyamien Persephonian",791,6.73,0.848,1.99,"acid pool|grassy hill|vine","arid|temperate|artificial temperate|subartic|frozen|frigid|humid"
250,"Keid Quintal",1947,NA,0.823,1.47,"desert|mountain","frozen|superheated|hot"
251,"Keid Quartal",1947,2.59,0.955,1.39,"rocky island|rocky canyon|river|rock arche|cliff|canyons|tundra|vine","tropical|temperate|arid|frigid|superheated"
252,"Keid Undecimal",1947,3.43,1.109,NA,"sinkholes","hot|rocky|frigid|humid|artic"
253,"Fjellstone Harpian",1135,3.62,0.735,1.7,"valley","rocky"
254,"Fjellstone Athenian",1135,2.73,1,1.4,"rocky island|plateau|rocky desert|ice cave|acid pool|sea|mountain","frigid|hot|humid|rocky|superheated|subartic"
255,"Tania Australis Quintal",8705,2.41,0.488,1.7,"rocky canyon|plain|barren|desert","arid|temperate|superheated|humid"
256,"Tania Australis Tertial",8705,3.93,1.007,1.57,"acid pool|ice canyon","arid|frozen|rocky|windy"
257,"Pulsar Radiance Artemian",7795,3.5,1.386,1.36,"city|glacier|rocky desert|urban|plain","artic|frozen|rocky|subartic"
258,"Ephemeral Phoenix Er",8876,NA,0.632,1.8,"jungle|toxic cloudsea","tropical|arid|temperate|artic"
259,"Ephemeral Phoenix Wu",8876,1.6,1.223,1.09,"cliff|sea|lava river|canyons|vine","hot|temperate|subartic|arid"
260,"Sylvarix Hermesios",9484,4.76,0.468,2.17,"rock arche|rocky desert","frozen"
261,"Sylvarix Nemesisian",9484,6.61,0.64,2.18,"sinkholes","superheated|frozen|tropical"
262,"Wasat Liu",2450,3.29,1.256,1.38,"reef|volcano|savanna|city|urban|field|rocky desert","rocky|frigid|hot|superheated|subartic|artic"
263,"Nova Cascade Er",9943,6.95,1.056,1.87,"river|jungle|reef","humid|rocky|windy"
264,"Nova Cascade Si",9943,7.83,0.791,2.15,"sea|forest|plateau","artificial temperate|temperate|superheated|hot"
265,"Hamal Rho",1619,1.61,1.39,1.05,"savanna","arid"
266,"Skyforged Liu",9506,6.35,0.754,2.03,"reef|glacier","arid|artic|humid|windy|artificial temperate|tropical"
267,"Lunar Mirage Nonal",6879,1.33,0.977,1.11,"sea|verdant|ash|tundra|field|rock arche","frigid|humid|arid|temperate|hot"
268,"Lunar Mirage Octal",6879,1.68,1.447,1.05,"reef|plateau|rocky desert|plain","temperate|artic|subartic|frigid|windy"
269,"Lunar Mirage Undecimal",6879,1.47,1.411,1.01,"acid pool|jungle|field","superheated|rocky|hot|frigid"
270,"Shaula Er",7156,1.16,0.752,1.16,"volcano|lakes|glacier|lava river|canyons","artificial temperate|hot|frigid|temperate|rocky"
271,"Shaula Liu",7156,2.94,1.138,1.37,"plain|lakes|urban","frigid|rocky|humid|frozen"
272,"Aldebaran Delta",9738,1.08,1.069,1,"rocky canyon","tropical|temperate|frozen|frigid"
273,"Kawa Yi",2006,1.12,0.812,1.11,"lakes|savanna|desert","frigid|artificial temperate|arid|humid"
274,"Kawa Er",2006,0.88,1.226,0.9,"verdant|sea","frigid|temperate|artificial temperate|windy|tropical|subartic|humid"
275,"Kawa Qi",2006,1.38,0.771,1.21,"verdant|valley|vine","frigid|temperate|superheated|artificial temperate"
276,"Sumi Cascade Liu",1188,2.74,1.302,1.28,"verdant|hill","artic|windy|subartic"
277,"Násti Lambda",817,3.75,0.949,1.58,"desert","windy|arid"
278,"Muphrid Nemesisian",1561,2.22,1.462,1.15,"desert|rocky canyon|lava river|plateau|jungle","tropical|humid|frozen|superheated"
279,"Ravenfury Sextant",5646,9.42,1.208,1.98,"river|urban|ice cave","frozen|temperate|superheated|windy"
280,"Ravenfury Secant",5646,2.25,0.861,1.38,"plain|plateau","frigid|frozen|artic|temperate|windy|subartic"
281,"Bonsai Gaze Quartal",820,5.94,1.476,1.59,"verdant","subartic|arid"
282,"Talitha Orphean",7244,4.09,0.911,1.65,"plateau","windy|humid|temperate|superheated|arid"
283,"Umbral Depths Psychean",6857,9.86,0.913,2.21,"cave|verdant|barren","windy|superheated|arid"
284,"Ronin's Enigma Museios",6593,2.36,1.087,1.3,"plain|reef|jungle|lava river|tundra|acid pool","artic|humid|superheated|artificial temperate"
285,"Ronin's Enigma Echoian",6593,3.25,1.125,1.42,"cliff|mountain","artic|frozen"
286,"Bonsai Silence Wu",7974,1.48,1.048,1.12,"tundra|scrubland|rocky desert|rock arche|canyons","hot|arid|frozen|frigid|superheated"
287,"Nebulithium Dionysios",8612,1.02,0.295,1.51,"glacier|grassy hill|river","windy|frozen|temperate"
288,"Nebulithium Cerberian",8612,0.61,1.194,0.8,"plateau|rock arche|rocky canyon|canyons","tropical|subartic|temperate"
289,"Crimson Enigma Zephyrian",8921,6.06,1.134,1.75,"island","tropical|superheated|temperate|frigid|humid|rocky|subartic"
290,"Crimson Enigma Olympios",8921,7.43,1.118,1.88,"valley|rocky desert|lava river|ice canyon|ice cave|verdant|rocky canyon","subartic|superheated|artificial temperate|rocky|humid|frozen"
291,"Crimson Enigma Cerberian",8921,3.12,1.078,1.43,"sea|rocky island|valley","artificial temperate|subartic"
292,"Aspidiske Quintal",5629,0.75,0.798,0.98,"valley|volcano","arid"
293,"Aspidiske Septimal",5629,1.73,0.642,1.39,"cityscape","tropical"
294,"Aspidiske Quartal",5629,0.55,0.866,0.86,"plain","frigid"
295,"Astrobix VIII",306,1.71,1.347,1.08,"sinkholes|vine|river|ice canyon|urban","rocky|frozen|humid|frigid|artic|superheated"
296,"Tangra San",7266,2.95,0.689,1.62,"bog|grassy hill|cave","temperate|artificial temperate"
297,"Chertan Hermesios",5970,3.1,1.289,1.34,"ice canyon|plateau|savanna","frigid|tropical"
298,"Astral Echo Nyxios",4337,4.16,1.339,1.46,"grassland|bog|rocky canyon|rocky island|valley|sinkholes|ash","temperate|superheated|arid|frigid|frozen"
299,"Astral Echo Hestian",4337,0.97,1.141,0.95,"ice cave|ice canyon|city|cityscape|cave","frigid|rocky|arid|windy"
300,"Celestrium Dionysios",7616,3.06,0.712,1.63,"cave|lava river|plain|field","arid|tropical|temperate|artic"
301,"Geisha's Mirage Tau",9721,3.62,1.092,1.49,"cliff|verdant|sea|rocky canyon|glacier|volcano|canyons","superheated|artificial temperate|frozen|windy|frigid|arid"
302,"Geisha's Mirage Zeta",9721,2.56,0.963,1.39,"canyons|rocky canyon|reef","arid|frigid|temperate"
303,"Geisha's Mirage Mu",9721,0.71,1.08,0.87,"cave|river|ice cave|sea|lava river|glacier|mountain|rocky canyon","humid|frigid|superheated|temperate|subartic"
304,"Vindemiatrix XXI",1008,5.2,0.665,1.98,"ice cave|reef|plateau|cityscape|ocean|barren|river|rocky island","rocky|artificial temperate|arid|frozen|artic"
305,"Zubenelgenubi Qi",4109,NA,0.934,1.73,"rocky island|river|hill|grassy hill|urban|rocky canyon|glacier|cliff|scrubland|volcano|canyons","frozen|rocky|subartic|frigid|arid|artificial temperate|temperate"
306,"Zubenelgenubi Er",4109,7.84,1.008,1.98,"plateau|ice cave|verdant","windy|subartic|humid"
307,"Zubenelgenubi Shi",4109,3.43,0.876,1.58,"ice canyon|cliff","rocky|frozen|windy"
308,"Guniibuu Pegasusian",4956,7.39,1.155,1.86,"city|plateau|vine|rock arche|ice canyon","rocky|windy|subartic|artic"
309,"Ma'at's Cascade Tritonian",1661,2.4,1.232,1.25,"field","arid|windy|tropical|temperate"
310,"Hannya's Silence Demetrian",3009,0.37,0.872,0.75,"forest|island","tropical|superheated|windy"
311,"Kasumi IV",308,6.55,0.865,1.96,"rocky desert|sea|river|ice canyon","artic|tropical|frozen|frigid"
312,"Eternal Murmurs Alpha",3003,2.97,1.291,1.32,"glacier","tropical|artic|hot|subartic|superheated"
313,"Eternal Murmurs Phi",3003,7.8,0.881,2.07,"tundra|island|hill","frozen|artificial temperate"
314,"Eternal Murmurs Eta",3003,2.22,0.876,1.36,"rainforest|field|verdant|river|ice cave|reef","frigid|subartic|tropical|artificial temperate"
315,"Inari's Threshold I",3229,1.95,1.267,1.15,"bog|fungus forest|ocean","temperate|frigid|tropical|rocky"
316,"Lunarisys Si",493,0.62,0.969,0.86,"swamp|savanna|ocean","humid|windy|superheated|frozen"
317,"Kalausi Nonal",3815,2.3,0.841,1.4,"tundra|glacier|grassy hill|swamp","humid|subartic|tropical|artic|windy"
318,"Imai II",7515,2.8,1.249,1.31,"swamp|cliff","arid|windy|humid|temperate|hot|frigid|tropical"
319,"Imai X",7515,1,1.455,0.88,"urban|grassy hill|lakes|sea|island","artificial temperate|arid|humid"
320,"Darkonix Helios",3411,3.39,1,1.5,"urban","frigid|artificial temperate|humid|windy"
321,"Elgafar XXI",3965,4.77,1.146,1.61,"ice canyon|desert|ash|bog","humid|hot|superheated|frigid|windy"
322,"Elgafar XI",3965,2.29,0.899,1.37,"city|hill","artic|hot"
323,"Tianguan Psi",6229,7.03,0.412,2.58,"plateau|field","temperate"
324,"Tianguan Omicron",6229,3.52,0.425,2.02,"canyons|fungus forest|island|field","humid|superheated|artic|arid|rocky"
325,"Tianguan Gamma",6229,6.65,1,1.88,"desert|jungle","frozen|humid|hot"
326,"Kurhah XIII",5758,2.48,0.885,1.41,"cave|hill|valley","subartic|frozen"
327,"Inazuma Shadows II",8156,1.87,0.812,1.32,"sea|island|savanna","artic|temperate|windy|frigid|frozen|rocky"
328,"Timir Sirenios",1324,6.88,1.205,1.79,"hill","frigid"
329,"Ronin's Horizon XVIII",9596,4.42,1.108,1.59,"ice cave|jungle|reef|city","hot|rocky|artificial temperate|subartic"
330,"Obsidian Threshold XIV",5676,1.75,0.813,1.29,"field|lakes|sea","artificial temperate|superheated|windy"
331,"Dracoara Demetrian",707,1.6,1.159,NA,"ice canyon|rocky canyon|field|cliff|plateau|canyons|reef|savanna|tundra","arid|frigid|frozen|hot|humid|tropical"
332,"Merga Olympios",7517,2.21,0.747,1.44,"cityscape","artic|temperate|frozen|superheated|humid|windy"
333,"Vermilion Expanse Theta",8424,3.71,1.448,1.37,"ice canyon|cave|lakes","rocky|artificial temperate|windy|artic|superheated"
334,"Lunacraze Mu",4815,3.54,1.309,1.39,"ice canyon|lava river","rocky|frozen|arid|humid|tropical"
335,"Amansinaya Nymphios",325,3.46,1.275,1.39,"cave|sea|cliff|lakes","rocky|subartic|frozen|artificial temperate|tropical"
336,"Amansinaya Astraeos",325,5.86,1.015,1.79,"grassy hill|jungle","tropical|frigid|subartic|hot"
337,"Sceptrum Duodecimal",1629,6.84,1.08,1.85,"rock arche","frigid"
338,"Alzirr Oranos",9376,8.4,0.955,2.06,"lakes|urban","tropical|artificial temperate"
339,"Nebulous Enigma XXI",151,7.34,0.755,2.13,"desert|mountain|grassland|city|sea|bog|toxic cloudsea|ice canyon","frigid|artic|hot|humid|arid"
340,"Nebulosys San",1319,7.04,1.041,1.89,"mountain|tundra|forest|rock arche|island","superheated|rocky|temperate|artic"
341,"Nebulosys Liu",1319,4.88,0.963,1.72,"savanna|rock arche|jungle|sea|forest","temperate|superheated|frigid|tropical|artificial temperate|windy|artic"
342,"Siriusith Mu",5044,1.14,0.948,1.06,"savanna|volcano|grassland|island|ash|bog|rock arche|canyons|glacier","frozen|humid|hot|frigid|temperate|superheated"
343,"Siriusith Sigma",5044,1.07,1.195,0.96,"rock arche|cave","subartic|tropical|hot|frigid|rocky"
344,"Siriusith Zeta",5044,4.5,1.156,1.57,"canyons|savanna|cliff|rocky canyon","rocky|windy|superheated|frozen|temperate|artic"
345,"Lesath Omicron",7147,1.82,0.674,NA,"cliff|urban","subartic|frigid"
346,"Lesath Delta",7147,0.43,1.68,0.63,"lakes|rainforest","superheated|temperate"
347,"Lesath Alpha",7147,5.36,1.088,1.7,"swamp|hill|rocky island|cityscape|river","superheated|hot|humid"
348,"Fawaris Olympios",1272,9.68,0.777,2.32,"rainforest|lava river|hill|volcano|cityscape|ash|island","tropical|frozen|humid|arid|hot|artic|subartic"
349,"Fawaris Gaios",1272,0.39,1.397,0.65,"rocky desert|barren|canyons","arid|temperate"
350,"Uchū Shi",8409,5.37,1.119,1.69,"grassland|savanna","frigid|temperate|humid|rocky"
351,"Uchū Yi",8409,2.11,0.829,1.37,"ocean|swamp|grassy hill","rocky|humid|windy"
352,"Eonix Nu",9090,1.97,0.71,1.41,"barren|sea|reef|verdant|acid pool","hot|arid|artificial temperate"
353,"Betelgeuse Delta",8554,0.57,0.666,0.95,"sinkholes|plateau|rocky desert","superheated|artificial temperate|arid"
354,"Betelgeuse Nu",8554,4.4,0.692,1.85,"ocean|hill","windy|subartic|temperate|rocky"
355,"Quasar Nova Shi",4099,2.72,0.789,1.51,"ice cave|island|valley|forest|ash|tundra|rocky desert","subartic|rocky|hot|arid|windy|superheated|frigid"
356,"Quasar Nova Ba",4099,7.69,0.688,2.24,"toxic cloudsea|barren","hot|windy|artic|arid"
357,"Quasar Nova San",4099,1.28,1.077,1.06,"lava river|rainforest|mountain|volcano|ice cave","rocky|frigid|superheated|artic"
358,"Vesperian Crypt Tertial",5735,0.44,1.06,0.75,"grassland|lakes|reef|vine","rocky|superheated|humid"
359,"Vesperian Crypt Secant",5735,1.12,0.644,1.2,"cliff|desert|reef","subartic|frozen|superheated|artic|frigid"
360,"Vesperian Crypt Quintal",5735,1.31,1.033,1.08,"hill|plain|fungus forest|rocky island|mountain","rocky|artificial temperate|hot|windy"
361,"Spectral Threshold Nereidos",5462,2.55,0.784,1.48,"city","rocky|subartic|arid|tropical|humid"
362,"Kraz Persephonian",9606,1.33,0.839,1.17,"fungus forest|grassy hill|desert|valley|lava river|plateau|sea|glacier","rocky|humid|arid|artic|frigid"
363,"Setsuna Wu",5491,0.93,0.77,1.06,"lakes|city|scrubland","temperate|frozen|arid|humid|artic"
364,"Setsuna San",5491,0.75,1.293,0.83,"plateau|lakes|mountain","windy|artic|subartic"
365,"Libertas Jiu",3067,5.63,1.385,1.6,"city|island|river|valley|rocky island","temperate|humid|frozen|arid"
366,"Libertas Ba",3067,2.2,0.977,1.31,"savanna|verdant","frigid|tropical|arid"
367,"Libertas Shi",3067,1.5,0.888,1.19,"field|rocky canyon|rainforest|rock arche","artificial temperate|humid|frigid"
368,"Quantum Radiance Tertial",3737,2.39,0.763,1.46,"sinkholes","windy|arid|hot|frozen"
369,"Quantum Radiance Nonal",3737,3.05,0.662,1.66,"lakes|forest","temperate|tropical|rocky|artificial temperate|windy|hot"
370,"Quantum Radiance Decimal",3737,7.77,0.917,2.04,"rainforest|urban|bog|acid pool|sea|glacier|swamp|forest|field","superheated|artic|temperate|artificial temperate|tropical|frigid"
371,"Lurking Cosmos XII",2848,1.61,0.534,1.44,"hill|grassy hill|reef","humid|tropical|windy|artificial temperate|rocky|hot"
372,"Lurking Cosmos XVII",2848,1.24,0.953,1.09,"island","artificial temperate|superheated|subartic"
373,"Spectronix Liu",4131,2.77,1.161,1.34,"ice cave|bog|city","artificial temperate|temperate|frozen"
374,"Spectronix Si",4131,3.8,0.849,1.65,"cave|jungle","superheated|rocky"
375,"Skaldspark Apollox",4677,2.75,1.205,1.32,"ash|cave|rock arche|bog|hill|plain|cityscape|rocky desert","humid|temperate|subartic|hot|rocky"
376,"Skaldspark Eosian",4677,NA,1.115,1.67,"city|sea|cityscape","windy|superheated|tropical|frigid"
377,"Abyssal Echoes Orphean",9353,2.95,0.755,1.58,"grassy hill|cave|ice cave|swamp|river","subartic|humid|temperate|frigid"
378,"Algedi XXIV",205,2.14,0.835,1.37,"cave","artificial temperate"
379,"Algedi XX",205,7.96,1.12,1.92,"lava river|plain|ocean|desert|river|cityscape","subartic|humid|artificial temperate|superheated|tropical"
380,"Algedi XIV",205,5.25,0.87,1.82,"tundra|vine|verdant|plain|rocky canyon","temperate|frozen|hot|artic|tropical|arid|humid"
381,"Atik XIV",7422,1.38,0.861,1.17,"jungle|plateau|acid pool|rock arche","frozen|superheated|rocky|arid"
382,"Alnasl XV",6882,5.33,1.193,1.65,"verdant|glacier|ash","rocky|subartic|hot"
383,"Maia Psychean",367,2.09,0.94,1.31,"jungle|river|barren|plain","arid|tropical|rocky|artic|windy"
384,"Márohu Dionysios",3245,0.9,1.166,0.92,"river","subartic|arid|windy|artificial temperate|humid|rocky|frigid"
385,"Nunki Nu",6541,3.16,0.854,1.55,"verdant","humid|tropical|artic|arid|windy"
386,"Nunki Tau",6541,5.47,1.417,1.57,"cliff|ice cave","artic|tropical"
387,"Igniflux X",8620,1.23,1.047,1.06,"island","artic|tropical|humid"
388,"Igniflux VI",8620,0.47,0.888,0.81,"ice canyon","superheated|humid|tropical|hot|subartic|frozen"
389,"Igniflux XIII",8620,9.23,0.835,2.23,"field|valley|rocky canyon","rocky|hot|subartic|temperate"
390,"Alnilam III",9289,7.8,1.536,1.72,"tundra|ice cave|glacier|sea","humid|windy|artic|rocky"
391,"Alnilam XXI",9289,1.46,0.984,1.14,"glacier|rocky desert|mountain|rocky canyon","temperate|rocky|artificial temperate|subartic|humid"
392,"Alnilam I",9289,2.83,1.036,1.4,"cityscape|plateau|hill","humid|superheated|rocky|tropical"
393,"Furud Aphroditos",2109,1.69,1.239,1.11,"city|sea|glacier|rocky canyon","tropical|windy|frozen|subartic"
394,"Furud Chimeraean",2109,2.39,0.884,1.39,"rocky island|island|cityscape|river","temperate|subartic|hot|frozen|superheated|artificial temperate|tropical"
395,"Bastet's Mirage XIV",1333,2.69,1.123,NA,"jungle|hill|acid pool|city|plateau","arid|hot|subartic|artic|windy"
396,"Bastet's Mirage X",1333,1.17,1.369,0.95,"volcano|swamp|cityscape|desert|rock arche|tundra|ice canyon|grassy hill","rocky|artificial temperate|humid|tropical|arid|subartic"
397,"Alsephina Xi",3850,5.08,1.013,1.71,"ocean|field","humid|subartic"
398,"Ankh Horizon VII",8188,1.18,0.736,1.17,"city|river|field","artificial temperate|windy|frigid|superheated"
399,"Alhena Duodecimal",989,1.88,0.93,1.26,"verdant|rocky island|mountain","frigid|temperate|windy|artic"
400,"Hanabi Aphroditos",4886,2.32,0.646,1.53,"rocky desert|cave|toxic cloudsea","humid|artificial temperate|artic|temperate"
401,"Nebularian Dionysios",7857,3.29,1.152,1.42,"rocky desert|hill|plateau|canyons","humid|artificial temperate|subartic"
402,"Proxima Centauri Hecatean",5556,1.09,0.706,1.16,"cityscape|barren|mountain|lakes","hot|subartic|arid|tropical"
403,"Hikari Gaze Nemesisian",9928,4.94,1.169,1.62,"rocky island|forest|island|hill","superheated|artificial temperate|rocky|temperate"
404,"Mekbuda Nereidos",5292,NA,1.461,1.25,"hill|rocky island|valley","arid|hot|artificial temperate|artic"
405,"Vortexarian Tertial",7525,3.04,0.881,1.51,"rock arche|rocky island|island","tropical|temperate|frozen|arid|humid"
406,"Vortexarian Quintal",7525,3.98,1.093,1.54,"lakes","hot|frozen|humid"
407,"Vortexarian Septimal",7525,1,1.136,0.96,"urban|sinkholes|island|valley|jungle|fungus forest","superheated|artic|rocky|temperate|subartic|hot|artificial temperate"
408,"Achernar Gamma",7016,2.95,1.355,1.3,"ash|lava river|sea","superheated|temperate"
409,"Achernar Rho",7016,2.17,1.056,1.27,"canyons|verdant|lakes|rocky island|rocky canyon|savanna|cliff|rainforest","artificial temperate|frozen|windy|frigid|superheated|arid"
410,"Kamuy Rho",7921,1.83,1.582,1.05,"grassy hill|ash|verdant","tropical|temperate|arid|artificial temperate|superheated|subartic"
411,"Kamuy Nu",7921,NA,0.401,1.54,"rock arche|valley|plateau|lakes|hill","frigid|frozen|artic"
412,"Kang Tau",7744,1.75,1.314,1.1,"ice cave|scrubland","artic|subartic|arid"
413,"Kang Phi",7744,1.08,1.252,0.95,"urban|rocky desert|field","tropical|arid"
414,"Citalá Centaurios",8927,1.09,1.019,1.02,"plain","frigid|subartic|superheated|temperate"
415,"Cosmoflare Ba",1966,4.8,1.032,1.67,"verdant|lakes","temperate|frozen|artificial temperate|superheated"
416,"Hoshizora Seraph Er",2460,2.85,0.971,1.43,"vine","frozen|arid"
417,"Hoshizora Seraph San",2460,2.26,1.374,1.18,"valley|sea","artic|hot|artificial temperate|frigid"
418,"Hoshizora Seraph Qi",2460,5.33,0.381,2.41,"lakes|rocky desert|sea|jungle","humid|superheated|hot|rocky"
419,"Hannya Cosmos Shi",720,3.17,0.858,1.55,"sinkholes|mountain|lakes|grassland|reef|river","tropical|superheated|artificial temperate|humid|subartic|temperate"
420,"Alula Borealis Prime",9971,6.62,0.853,1.98,"jungle|island|forest","hot|humid|superheated"
421,"Alula Borealis Septimal",9971,NA,1.36,1.66,"valley|city|acid pool","artificial temperate|hot|temperate"
422,"Alula Borealis Undecimal",9971,0.39,0.739,0.81,"sinkholes|acid pool|bog|rainforest","frozen|artificial temperate|hot|humid|windy"
423,"Beemim XIX",4072,2.64,1.163,1.31,"plateau","frozen|temperate|windy"
424,"Taika Eosian",1777,6.99,1.013,1.9,"mountain","arid"
425,"Cassioflux Oranos",8849,5.18,0.934,1.77,"sea|plateau|rocky canyon|lava river|barren","rocky|frigid|arid|subartic"
426,"Sora Seraph Pi",747,3.13,0.685,1.66,"ice cave|desert|cave|vine|tundra|cliff","frigid|superheated|frozen|artificial temperate|tropical|humid"
427,"Sora Seraph Alpha",747,7.12,1.027,1.91,"field|mountain|ice canyon","windy|subartic|frigid|artificial temperate|artic|superheated"
428,"Umi Celestial Tritonian",5836,2.59,0.857,1.45,"vine|valley|ice cave|rocky island|ice canyon","artificial temperate|superheated|frozen|humid|artic|subartic"
429,"Aetherial Mirage Poseidian",2591,1.77,1.003,1.21,"valley|hill","windy|humid|arid|artic"
430,"Aetherial Mirage Echoian",2591,1.16,1.302,NA,"desert|plateau","artic|temperate|windy|hot|subartic|rocky"
431,"Nervia XIV",8341,NA,0.334,1.62,"rocky canyon|valley","tropical|hot"
432,"Solarionis Cerberian",6201,1.83,1.083,1.19,"verdant|mountain","tropical|artificial temperate|superheated"
433,"Solarionis Demetrian",6201,1.84,1.056,1.2,"forest|rock arche|cave|rocky desert","rocky|artificial temperate|frozen|windy|subartic|temperate"
434,"Solarionis Nemesisian",6201,4.33,0.935,1.67,"field","superheated|subartic|artificial temperate|rocky|arid|tropical"
435,"Kōri Resonance Aetherios",8943,1.26,1.218,1.01,"verdant|mountain|vine|cliff|plain","artic|superheated|hot|windy"
436,"Spectral Serenity Lambda",8768,5.25,0.699,1.96,"rocky canyon|sinkholes","frigid|hot|temperate"
437,"Spectral Serenity Upsilon",8768,3.52,1.174,1.44,"hill","superheated|temperate|windy"
438,"Cryptic Nebula Vigesimal",5354,4.06,0.935,1.63,"ocean|reef|ash|acid pool|urban|verdant","superheated|artic|tropical|frigid|temperate|frozen"
439,"Cryptic Nebula Quartal",5354,4.03,1.421,1.42,"canyons","superheated|artificial temperate"
440,"Tislit XXIII",5418,0.73,0.893,0.94,"jungle|lava river","superheated|frigid"
441,"Aludra Hecatean",636,0.94,1.025,0.97,"hill|plain|swamp|grassy hill|desert|fungus forest","frigid|humid|hot|tropical|subartic"
442,"Cursa Hermesios",9799,4.83,1.251,1.57,"verdant","subartic"
443,"Nihal Rho",2398,1.38,1.235,1.04,"plateau","windy|artificial temperate|rocky"
444,"Nihal Epsilon",2398,2.62,1.251,1.28,"rock arche","humid|windy"
445,"Nihal Omega",2398,2.19,0.986,1.3,"verdant|cliff","artificial temperate|subartic"
446,"Ukdah Septimal",460,0.58,0.903,0.86,"swamp|grassy hill|rock arche|scrubland","superheated|arid|humid|windy|tropical|frozen"
447,"Ukdah Quintal",460,2.47,0.568,1.63,"grassland|city|fungus forest|field|reef|jungle","artic|humid|frozen|frigid|tropical"
448,"Ukdah Octal",460,8.08,0.843,2.12,"toxic cloudsea","arid|artic"
449,"Cor Caroli Quartal",3394,6.43,1.222,1.74,"cliff","artificial temperate"
450,"Aetherionis Si",3203,0.49,0.849,0.83,"cityscape|volcano","arid|temperate|tropical"
451,"Aetherionis Ba",3203,1.09,0.852,1.09,"hill|urban|valley|city","artic|tropical|frigid|humid|temperate|arid"
452,"Alruba Morphean",9846,6.88,1.477,1.67,"field|verdant|ocean|jungle|cave|lava river|sinkholes","frigid|hot|frozen|subartic|superheated"
453,"Stoneshaper II",3718,1.46,0.79,1.23,"forest|sinkholes|urban|river","frozen|hot|tropical|windy"
454,"Stoneshaper XX",3718,3.1,1.153,1.39,"plain","frozen"
455,"Stoneshaper VIII",3718,1.12,1.257,0.96,"valley|ocean|ice canyon|hill|rocky island","artic|subartic|temperate|tropical|windy|frozen"
456,"Vortexion Jiu",8322,8.01,1.059,1.96,"tundra|ice cave","frigid"
457,"Vortexion Liu",8322,4.61,0.629,1.94,"ice canyon|plain|grassland","frigid|windy|artic|temperate|subartic"
458,"Vortexion Wu",8322,0.52,1.379,0.72,"acid pool|grassy hill|volcano","humid|frozen|hot|subartic"
459,"Stormweaver Chi",9482,1.39,1.115,1.08,"cityscape","frozen|temperate"
460,"Astroth Beta",8689,2.35,1.367,1.2,"tundra|reef|rock arche","humid|subartic|rocky|artificial temperate"
461,"Samurai's Veil Aphroditos",3089,1.45,0.783,1.23,"acid pool|lakes|urban|river|forest|glacier|rocky island|barren","artificial temperate|frozen|humid|temperate|arid"
462,"Kachō Athenian",1744,5.51,1.088,1.72,"forest|hill|verdant|toxic cloudsea|river","frigid|tropical|windy|frozen|hot"
463,"Tania Borealis Er",7575,7.26,0.735,2.15,"canyons|rocky island|grassy hill","artic|artificial temperate"
464,"Tania Borealis Shi",7575,0.49,1.354,0.71,"bog|glacier|vine|reef","hot|arid|frozen"
465,"Alcyone Helios",7381,1.39,1.096,1.08,"jungle","artic|tropical|frozen|superheated"
466,"Sargas Liu",6672,1.29,1.018,1.08,"urban|cave","frigid|windy|superheated|artic"
467,"Cosmosol Delta",8870,9.51,1.459,1.87,"sinkholes|scrubland|rocky island","arid|rocky|superheated|windy|artic"
468,"Cosmosol Alpha",8870,NA,1.159,1.83,"island|plain|sea|city","artic|frigid|tropical|hot"
469,"Felis Nemesisian",2778,NA,1.286,0.94,"sinkholes|mountain|acid pool","frozen|superheated"
470,"Dalim Quintal",5749,1.24,0.714,1.2,"field","rocky|tropical|windy"
471,"Tupã Undecimal",5853,7.03,0.983,1.93,"rocky canyon|grassy hill|forest|rocky desert|acid pool|vine","subartic|temperate|frozen|windy|rocky"
472,"Tupã Sextant",5853,8.93,0.831,2.21,"rainforest","tropical|humid"
473,"Tupã Duodecimal",5853,2.88,0.943,1.45,"sea|river","frozen|tropical|frigid|artic"
474,"Kurai Veil Er",33,7.4,1.045,NA,"hill|swamp|cliff|vine|forest|cityscape","windy|temperate|tropical|artic|humid"
475,"Kurai Veil Ba",33,4.92,1.357,1.54,"lava river|hill","frigid|subartic|superheated|humid|artificial temperate|hot|tropical"
476,"Kurai Veil San",33,0.73,0.974,0.91,"cave","rocky|frozen|temperate"
477,"Ainalrami Sextant",6243,8.5,1.495,1.78,"tundra|ocean|city|plateau|rock arche","artificial temperate|windy|rocky|temperate"
478,"Spica Quartal",9990,1.27,0.889,1.13,"tundra|lava river|ice canyon|sea|cliff|volcano","superheated|artificial temperate|frigid|temperate"
479,"Tonatiuh Tritonian",4713,1.17,1.049,1.04,"jungle|acid pool|reef|bog|forest","humid|artificial temperate|hot"
480,"Tonatiuh Pegasusian",4713,6.56,0.924,1.92,"cityscape|ice cave","windy|humid|artic"
481,"Ninja's Horizon Nymphios",8089,2.04,1.282,1.17,"rocky desert|plain|toxic cloudsea|acid pool|volcano|canyons","artificial temperate|arid|hot|frozen"
482,"Bunda Liu",4378,2.08,1.053,1.25,"island|mountain|volcano|jungle|ocean|fungus forest|city|cave","subartic|artic|frozen|tropical|arid"
483,"Menkar Athenian",7463,5.7,0.596,2.12,"plateau|city|cave","windy|frigid|artificial temperate"
484,"Salm Gamma",710,8.79,0.838,2.19,"acid pool|sea|volcano|verdant","temperate|hot|subartic|arid"
485,"Ronin's Cascade XVII",4198,7.17,1.103,1.87,"plain|plateau|sinkholes","hot|rocky"
486,"Orion's Gaze Sirenios",3059,3.36,1.135,1.44,"hill|desert","tropical|artic|arid"
487,"Infinite Whispers XVIII",810,3.43,0.944,1.54,"verdant|canyons","rocky|windy"
488,"Infinite Whispers XII",810,1.11,0.999,1.04,"ice canyon|verdant|mountain|forest|glacier|sea","arid|subartic|tropical|hot|windy"
489,"Infinite Whispers XIX",810,0.92,1.203,0.91,"grassland|ash|ice canyon|plain|island","tropical|hot|frozen|frigid|humid"
490,"Aldulfin San",6107,8.3,1.077,1.98,"ice canyon|savanna|plateau|swamp","arid|frigid|artificial temperate|humid"
491,"Pipirima Janusian",8822,7.67,1.108,1.91,"jungle","windy"
492,"Wezen Tertial",1596,5.64,0.918,1.83,"plain|vine|lakes|river","rocky|superheated|subartic"
493,"Koi Horizon XIX",39,3.07,1.103,1.41,"desert","tropical|frigid|superheated|windy|humid"
494,"Scarabian Horizon Pegasusian",8277,3.09,1.184,NA,"forest|verdant|vine|river|jungle|city|lakes|scrubland","temperate|artic|windy|arid|hot|subartic"
495,"Unurgunite Mu",9463,1.18,1.374,0.95,"rock arche","windy|subartic|frozen|arid|artificial temperate|artic"
496,"Galactic Prism Psi",7782,1.92,1.101,1.2,"urban","frigid|windy|temperate|subartic|superheated"
497,"Lysian Nexus Gaian",601,1.67,0.771,1.29,"field|lakes","tropical|temperate|frigid|windy"
498,"Lysian Nexus Hecatean",601,5.21,1.068,1.7,"mountain|ocean|lakes|grassy hill","windy|artificial temperate|subartic|frozen"
499,"Tarazed Liu",8370,1.96,0.853,1.32,"verdant|swamp|lakes","rocky|tropical"
500,"Tarazed Shi",8370,6.33,0.825,1.97,"urban","artic|arid|hot|subartic"
501,"Matar XIX",8788,7.51,1.167,1.86,"ice canyon|plain|jungle|grassy hill|fungus forest|jungle","tropical|humid|frigid|artificial temperate|artic"
502,"Thuban Tertial",6474,3.9,1.452,1.39,"grassy hill|ice canyon","frozen|hot"
503,"Thuban Prime",6474,7.94,0.624,2.33,"vine","rocky|frozen|temperate"
504,"Lotus Echo Janusian",8825,1.42,0.519,1.4,"ash","hot|tropical"
505,"Cosmic Gaze Zeta",8603,2.64,0.994,1.38,"toxic cloudsea|verdant|acid pool|jungle|mountain","frozen|artificial temperate|superheated|artic"
506,"Enishi Resonance VIII",3387,8.49,1.216,1.91,"rocky island|hill|glacier|cave|cityscape|tundra","artificial temperate|windy|tropical|humid|temperate|artic"
507,"Sadalmelik Qi",7330,2.11,1.207,1.2,"cliff","arid|frozen|artificial temperate"
508,"Sadalmelik Shi",7330,2.81,0.687,1.6,"scrubland|river|plateau|island","tropical|superheated|temperate|hot|frigid|arid"
509,"Kasai Ember Cerberian",3076,2.98,0.802,1.55,"valley","windy|subartic|artificial temperate|temperate"
510,"Starshara VI",3362,3.4,1.197,1.42,"ash|grassy hill|bog","arid|artic|hot"
511,"Pharaoh's Silence Olympios",7892,3.41,0.731,NA,"lava river|grassy hill|jungle|verdant|desert|acid pool|hill|fungus forest|rocky island","temperate|rocky|humid|superheated|artificial temperate|frozen"
512,"Mimosa XIII",6334,6.18,1.145,1.75,"valley|grassy hill|fungus forest|plateau|ash|acid pool|cave","hot|frozen|rocky|subartic|artificial temperate"
513,"Thalassa's Shroud Atlasios",9034,4.9,0.927,1.74,"vine","artificial temperate|temperate|windy|frozen"
514,"Megrez XV",6462,8.43,0.695,2.3,"urban|sea|grassy hill|acid pool|canyons","rocky|hot|artificial temperate|temperate|superheated|artic"
515,"Megrez XXI",6462,5.4,0.681,1.99,"valley|toxic cloudsea|lava river|plateau|canyons|field","frozen|arid|frigid|superheated|artificial temperate|artic"
516,"Starlight Whisper V",2543,0.76,1.103,0.88,"rock arche|rocky desert|bog|river","windy|artificial temperate|temperate|humid"
517,"Thunderhoof Typhonian",5852,9.3,0.993,NA,"ice cave","subartic|tropical|temperate|artic"
518,"Mouhoun Dionian",902,5.56,1.034,1.75,"forest|rocky island","temperate|windy"
519,"Algorab Olympus",6357,NA,1.099,1.7,"hill|ice cave|ocean","humid|hot|rocky|artic|arid|artificial temperate"
520,"Seginus Quartal",3191,1.02,0.939,1.03,"acid pool","windy|frigid|humid"
521,"Seginus Prime",3191,2.28,0.816,1.41,"ice cave|urban","artic|temperate|artificial temperate|arid"
522,"Seginus Tertial",3191,9.38,1.135,2.02,"toxic cloudsea","artic|hot|humid|artificial temperate"
523,"Albali Decimal",6004,0.57,0.649,0.96,"field|tundra|plain|glacier","temperate|artic|frigid"
524,"Aurora Phantasm Titanos",3047,3.53,0.768,1.66,"barren|reef|forest","arid|subartic|frozen|frigid|temperate"
525,"Aurora Phantasm Aetherios",3047,4,0.592,1.89,"lakes|rock arche|verdant|river","frigid|subartic|frozen"
526,"Aquilan Cipher Wu",3151,7.3,1.045,1.91,"lava river","arid|frigid"
527,"Aquilan Cipher Er",3151,0.67,1.116,0.84,"lakes|island|cave|ice canyon|cityscape","frigid|artic|arid|subartic"
528,"Aquilan Cipher Jiu",3151,4.59,0.834,1.77,"lakes","subartic|rocky|frozen|tropical"
529,"Quasarionyx Er",7992,3.46,1.058,1.48,"cliff|toxic cloudsea|ice canyon|vine|valley|field","artic|hot|frozen|frigid|subartic|rocky"
530,"Quasarionyx San",7992,1.52,1.007,1.15,"plain|acid pool","humid|rocky|frigid"
531,"Aniara Tertial",6180,0.49,0.87,NA,"cityscape|rocky island","artificial temperate|tropical|hot|rocky|superheated"
532,"Siriusnova Echoian",9212,0.85,1.477,0.83,"verdant","windy|artificial temperate|superheated|temperate|arid|humid"
533,"Whispering Cosmos XXIII",5878,0.77,1.167,0.87,"mountain|grassy hill|forest|barren","frigid|windy|temperate|humid|arid|hot"
534,"Ra's Ascendance Irisian",3369,3.08,1.14,1.39,"ice canyon|glacier|reef","artificial temperate|arid|frigid"
535,"Tsuki's Nebula Titanos",1229,6.71,0.726,2.1,"ocean|rocky island","humid|temperate"
536,"Tsuki's Nebula Demetrian",1229,5.24,0.827,1.85,"bog|plain|savanna|rocky island|rock arche|ash","temperate|subartic|arid|frigid|hot|windy"
537,"Nikawiy Oranos",5407,2.34,1.032,1.31,"verdant","rocky"
538,"Naledi Septimal",904,1.49,1.143,1.09,"rainforest|mountain|lakes|rocky canyon|island","windy|hot|temperate|superheated|frozen|subartic|rocky"
539,"Cosmaronix Tritonian",9149,2.23,1.179,1.24,"island|volcano|sinkholes|grassy hill","arid|tropical|hot"
540,"Stellarastra XVI",9989,8.06,1.009,2,"sea|tundra|savanna|mountain|swamp","temperate|humid|rocky"
541,"Stellarastra XX",9989,1.66,0.976,1.19,"hill|plateau|grassy hill","temperate|tropical|artic|frozen|arid"
542,"Dofida Typhonian",123,3.16,1.11,1.42,"hill|jungle","hot|frozen|artificial temperate|subartic"
543,"Ukiyo's Resonance Decimal",1047,6.56,0.959,1.9,"mountain|cityscape|river|bog|canyons|fungus forest","frigid|hot|subartic|artificial temperate|frozen"
544,"Mönch Selenean",4304,6.95,1.183,1.8,"rock arche","tropical"
545,"Seth's Enigma Gaian",4883,3.25,0.761,1.62,"tundra|acid pool|savanna|rocky canyon|plain|swamp|cliff|island","windy|humid|hot|rocky|tropical|frigid"
546,"Unukalhai Demetrian",3002,0.53,0.951,0.82,"plateau|mountain","rocky|windy"
547,"Biham Selenean",9656,0.71,0.792,0.96,"rock arche|cave|island","superheated|frozen|temperate|subartic|frigid|hot"
548,"Clandestine Nebula Secant",1982,1.28,0.934,1.11,"verdant|jungle","temperate|hot|frigid|artificial temperate"
549,"Caph Echoian",587,0.94,1.055,0.96,"island|canyons|urban|plain|mountain","temperate|artic|frozen|humid|rocky"
550,"Yed Posterior XXIII",9757,7.98,0.592,2.38,"lava river|ocean|glacier|field|rock arche","subartic|superheated|artificial temperate|arid"
551,"Yed Posterior V",9757,3.13,0.726,1.63,"hill|glacier|rainforest|savanna|volcano|rocky desert","frigid|windy|humid|artic|arid"
552,"Hikari Nebula XV",3456,4.22,1.181,1.53,"rocky island|bog","frigid|frozen|arid|temperate"
553,"Galehelm Persephonian",4077,4.8,0.874,1.76,"urban|rocky desert|glacier|rocky canyon|rainforest|cityscape|forest|rocky island","arid|frigid|subartic|superheated|rocky|windy"
554,"Galehelm Apollox",4077,1.15,1.096,1.02,"reef","humid|artificial temperate|hot"
555,"Galaxara Duodecimal",4120,1.31,1.053,1.08,"rocky canyon|savanna","arid|temperate|subartic|frozen|tropical"
556,"Yami Silence Astraeos",5778,2.23,0.844,1.38,"ice canyon|plain|cliff|jungle|toxic cloudsea|swamp","frozen|tropical|artic|temperate|hot"
557,"Terebellum Sextant",4964,9.32,1.218,1.97,"city|lakes","temperate|superheated|tropical|artic|rocky|artificial temperate|humid"
558,"Terebellum Decimal",4964,0.61,0.98,0.85,"plateau|mountain|canyons","humid|temperate|tropical|frigid"
559,"Larawag Jiu",2048,4.48,1.698,1.38,"verdant|rocky desert|river|jungle|lakes","windy|hot|frigid|artic|artificial temperate"
560,"Larawag San",2048,1.47,0.995,1.14,"volcano|valley|bog","hot|windy|arid"
561,"Isis Threshold Tritonian",6738,4.55,0.495,2.1,"jungle","windy|superheated|arid|hot|subartic|rocky"
562,"Isis Threshold Aetherios",6738,1.48,1.341,1.03,"plateau|cave|valley|barren|field|lava river|sea","arid|frigid|hot|temperate|subartic"
563,"Isis Threshold Dionian",6738,5.64,1.192,1.68,"tundra","tropical|frigid"
564,"Gomeisa III",500,6.89,0.813,2.04,"vine|rocky island","windy|temperate|artificial temperate"
565,"Gomeisa XI",500,8.35,0.662,2.33,"reef|rainforest|sea","humid|superheated|windy|subartic"
566,"Gomeisa I",500,3.94,0.937,1.61,"lakes|bog|urban|rocky canyon|reef|sea","windy|frozen|superheated|humid|hot|artic|temperate"
567,"Abyssal Mirage Irisian",9898,8.34,0.825,2.16,"rock arche","windy|artificial temperate|frozen"
568,"Gienah Duodecimal",7691,1.47,1.202,1.07,"plain","temperate"
569,"Cosmic Whispers XVI",937,0.71,0.89,0.93,"valley|island|volcano|plain|acid pool","subartic|superheated|frozen|artic|tropical"
570,"Cosmic Whispers XV",937,5.53,1.208,1.66,"sea","hot|frigid|temperate|subartic|superheated|arid"
571,"Mothallah Er",7765,6.65,0.922,1.93,"plain|rocky canyon|ice cave|desert|plateau|lava river|jungle|cave|canyons","artificial temperate|tropical|humid|arid|artic|rocky"
572,"Mothallah Wu",7765,2.22,0.903,1.35,"reef","frozen|arid|temperate|subartic|rocky|frigid"
573,"Funi Liu",7461,8.7,1.054,2.02,"cave|canyons|ocean|cliff","frigid|subartic|windy|superheated"
574,"Funi Shi",7461,1.33,1.133,1.05,"sea|grassy hill|swamp|volcano|urban|plain","superheated|artificial temperate|humid|temperate"
575,"Axeheart II",2854,3.06,0.716,1.62,"mountain|ice cave|tundra|jungle","artic|temperate|hot"
576,"Nebulonara Demetrian",5492,6.83,0.734,2.1,"jungle|grassy hill|plain|sea","hot|subartic|artificial temperate"
577,"Nebulonara Centaurios",5492,2.26,0.991,1.32,"bog","temperate|humid|artic|superheated"
578,"Rotanev Epsilon",7957,5.69,0.879,1.86,"river|tundra|plain|mountain|island|field","windy|frozen|artic|hot|arid|frigid"
579,"Musica Gamma",2272,1.8,1.194,1.15,"rock arche|cliff|cityscape|toxic cloudsea|glacier|mountain","superheated|humid|hot|frozen"
580,"Zhang Apollox",7491,6.09,1.26,1.69,"mountain","windy|artificial temperate|artic|superheated|frozen|subartic|temperate"
581,"Zhang Artemian",7491,1.19,1.149,1.01,"rocky island","humid|superheated|artic"
582,"Kornephoros Upsilon",8443,1.16,0.814,1.13,"hill|rocky canyon|tundra","frigid|temperate|windy"
583,"Kornephoros Tau",8443,4.67,0.941,1.71,"rocky island|plateau","artic|superheated|artificial temperate|frigid|arid"
584,"Elnath Pi",6230,9.17,0.912,2.16,"urban|hill|mountain|glacier|rocky canyon|city","frozen|rocky|tropical|humid|subartic"
585,"Elnath Sigma",6230,4.77,0.945,1.72,"barren|desert|rocky desert","artificial temperate|superheated|frigid|arid"
586,"Thoth's Radiance I",8997,3.06,0.961,1.47,"urban|jungle|savanna|fungus forest","hot|rocky|frigid|tropical|temperate"
587,"Acubens Shi",5774,3.54,0.774,1.66,"urban|grassland|jungle|savanna|hill|fungus forest","tropical|windy|temperate|humid|frozen"
588,"Acubens Liu",5774,1.66,1.235,1.1,"verdant|acid pool|barren|scrubland|field|cliff|mountain|canyons|rocky desert|volcano","humid|arid|frozen|temperate|frigid|superheated|tropical"
589,"Acubens Yi",5774,1.08,0.693,1.16,"cliff","windy|frigid|hot|artic|humid"
590,"Ancha Hecatean",6427,2.57,0.527,1.7,"city|forest|ice canyon|mountain","rocky|artic|frigid|frozen|superheated"
591,"Ancha Typhonian",6427,4.39,1.039,1.62,"urban|mountain","tropical|arid"
592,"Axefall Oranos",3572,0.38,1.237,0.67,"ice cave|city|desert|savanna|cave","subartic|hot|humid|rocky"
593,"Polaris V",4821,8.7,0.801,2.21,"island","superheated|windy|rocky|hot|frozen|humid"
594,"Polaris XXI",4821,3.27,0.982,1.49,"acid pool|rocky island|grassy hill|plain|reef|fungus forest|verdant|hill|sea|jungle|rock arche","humid|tropical|subartic|hot|frozen|temperate|artificial temperate"
595,"Polaris XXIV",4821,NA,1.184,1.2,"cliff|rocky island","artificial temperate|humid|subartic"
596,"Sāmaya Qi",7995,0.92,0.938,0.99,"lava river|glacier|swamp","frigid|humid|hot"
597,"Taiyangshou I",6291,6.92,0.724,2.12,"mountain|hill","artificial temperate|subartic|hot"
598,"Nemea Residue Duodecimal",6924,0.37,0.623,0.84,"bog|fungus forest|cave|rocky island|cliff","tropical|artic|frozen|subartic|rocky"
599,"Nebulionara XII",5336,2.42,0.917,1.38,"rock arche|river|grassy hill|field","frigid|artificial temperate|frozen"
600,"Lunarianth Gaian",1149,2.92,0.691,1.62,"lakes","hot"
601,"Shogun's Loom Omicron",5169,2.77,1.227,1.31,"jungle|sinkholes|glacier|island|hill","humid|superheated|tropical|temperate|frozen"
602,"Sakura's Labyrinth Nemesisian",1486,3.63,0.842,1.63,"cave","tropical|frigid|rocky"
603,"Hoggar Tertial",5323,3.32,1.239,1.39,"island|rock arche|acid pool|hill|glacier","arid|superheated|hot|frozen"
604,"Orion's Elegance XXI",1913,1.08,1.121,0.99,"cliff|acid pool|toxic cloudsea","frozen|superheated|frigid|artificial temperate"
605,"Orion's Elegance XII",1913,0.61,0.827,0.9,"ice canyon|savanna","tropical|windy|artic|artificial temperate|subartic"
606,"Kaus Borealis Wu",37,2.16,0.903,NA,"desert|plateau","rocky"
607,"Kaus Borealis Liu",37,2.6,1.137,1.32,"rocky island|lava river|grassy hill|hill|scrubland","arid|artificial temperate|frozen|frigid|subartic"
608,"Pyramid Radiance Liu",3090,1.51,0.687,1.3,"lakes","windy"
609,"Pyramid Radiance Jiu",3090,4.04,1.224,1.49,"toxic cloudsea|reef|sea|lava river|canyons|acid pool|valley","rocky|artic|hot|artificial temperate|superheated"
610,"Celestial Echo Rho",8938,5.85,0.792,1.95,"desert|rocky desert|toxic cloudsea|field|river","rocky|artic|tropical|subartic"
611,"Dubhe Psi",2907,7.02,0.999,1.92,"rocky canyon","artificial temperate|artic"
612,"Dubhe Lambda",2907,5.05,0.67,1.96,"verdant|grassy hill","artificial temperate|windy|temperate"
613,"Alderamin Septimal",3849,2.33,1.031,1.31,"bog|acid pool|vine|reef|ocean|cave|fungus forest|swamp","humid|superheated|rocky|artificial temperate|temperate"
614,"Orion's Haven Secant",3607,0.49,0.962,0.8,"tundra|sea","temperate|artic|windy|tropical|rocky"
615,"Orion's Haven Quintal",3607,2.96,1.205,1.35,"city|tundra|lakes|cliff|glacier|field|scrubland","artificial temperate|artic|arid|windy|subartic|hot"
616,"Nocturne Echo Quartal",9162,1.82,0.611,1.44,"mountain","superheated|temperate"
617,"Kaze Celestial Mu",9060,2.7,0.866,1.46,"vine|forest|lava river|field|rocky canyon|fungus forest|jungle|rainforest","tropical|humid|temperate|windy|hot|superheated"
618,"Kaze Celestial Nu",9060,2.78,1.495,1.23,"field|cityscape|rock arche|glacier|desert|city","subartic|hot|frozen|frigid|arid"
619,"Ebon Crypt Si",8746,0.84,1.235,0.88,"ocean|glacier","frigid"
620,"Ebon Crypt Er",8746,NA,1.53,0.83,"rocky desert|plateau|savanna|cliff|lakes|mountain","tropical|artic|subartic|humid"
621,"Riftwarder Beta",539,1.05,1.242,0.95,"grassy hill|acid pool|lava river|rocky island|field|valley","arid|rocky|hot|frigid"
622,"Riftwarder Sigma",539,0.86,0.794,NA,"rocky island","rocky"
623,"Riftwarder Omicron",539,8.14,1.388,1.8,"river","humid"
624,"Aquilan Anomaly Undecimal",6936,0.54,1.033,0.81,"island|desert|hill|sinkholes|plain","frozen|superheated|temperate"
625,"Helian Nebula Titanos",848,0.4,0.976,0.74,"bog","humid|rocky|superheated|tropical|subartic|windy|artificial temperate"
626,"Vortexian XIII",7253,1.73,0.883,1.25,"bog|reef|ice canyon|desert|tundra","artic|temperate|rocky|superheated|artificial temperate"
627,"Vortexian XV",7253,4.97,1.208,1.6,"canyons","rocky"
628,"Galaxy Prism Secant",7132,1.71,0.7,1.35,"ice canyon","windy|rocky|humid|tropical|hot|frozen"
629,"Galaxy Prism Nonal",7132,7.17,0.922,1.98,"plain","frozen|rocky"
630,"Galaxy Prism Octal",7132,2.82,0.938,1.44,"ash","hot|tropical|superheated|frozen|rocky"
631,"Astrum Cryptic XII",2940,8.86,1.184,1.96,"tundra|rock arche|grassy hill|savanna|mountain|plateau","arid|frigid|temperate|artic"
632,"Astrum Cryptic I",2940,0.43,0.898,0.78,"ice canyon|cityscape|ocean|savanna|plain|barren|lakes","rocky|arid|humid|artificial temperate|subartic"
633,"Astrum Cryptic VIII",2940,2.05,1.08,1.24,"lava river|ice canyon|hill|plateau|ice cave","artificial temperate|frozen|arid|rocky"
634,"Geisha's Whisper Si",4553,0.64,1.254,0.8,"hill|canyons","windy|hot"
635,"Muliphein Delta",4559,0.37,1.177,0.68,"ice canyon|verdant|savanna","frigid|arid|superheated|temperate"
636,"Whalebone Sextant",3741,3.24,1.06,1.45,"cliff|city|valley|cityscape|rocky desert|vine|plain|bog","windy|subartic|frozen|tropical|arid|humid|artic"
637,"Helionara Olympus",7986,1.73,1.118,1.16,"reef|rocky canyon","subartic|tropical|superheated"
638,"Helionara Poseidian",7986,1.08,1.094,1,"plain|acid pool|tundra|plateau|verdant","tropical|subartic|humid"
639,"Alterf Hestian",4752,1.37,0.754,1.22,"cityscape|plain|mountain|sea|ocean","artic|frigid|artificial temperate|subartic"
640,"Alterf Athenian",4752,3.37,1.18,1.42,"valley|rocky desert|cityscape|ocean|glacier","artificial temperate|frigid|arid"
641,"Alterf Gaios",4752,6.23,0.902,1.9,"reef|acid pool","superheated|artificial temperate|frozen|windy"
642,"Veritate XVIII",4356,2.93,0.825,1.53,"fungus forest","rocky|tropical|temperate|superheated|frozen"
643,"Galaxaraith XXIV",1036,6.34,0.59,2.21,"ice cave|hill|rocky desert","superheated|temperate|frozen|arid"
644,"Galaxaraith XIII",1036,NA,0.606,2.06,"tundra","frozen|hot"
645,"Galaxaraith VIII",1036,3.64,0.626,1.8,"hill|plain","subartic"
646,"Thunderforge Pantheon",5754,2.95,1.235,1.34,"plain|grassy hill|canyons","frozen|temperate|artificial temperate|tropical|windy|frigid"
647,"Thunderforge Echoian",5754,0.78,0.976,0.93,"cliff","tropical|subartic|hot|frigid|humid|arid|superheated"
648,"Bharani Decimal",8691,0.93,0.899,1.01,"forest|plateau","tropical|subartic"
649,"Shogun's Echo Poseidian",5102,1.39,0.759,1.22,"ice cave|reef|jungle|lava river|lakes|sea|ocean","rocky|frigid|subartic|hot|tropical"
650,"Minelauva I",3098,1.49,1.212,1.07,"rocky canyon|desert|forest|mountain|ice canyon|rocky desert|glacier|cityscape","arid|artificial temperate|artic|frozen|subartic|windy"
651,"Montuno Octal",3300,3.17,1.051,1.44,"grassy hill|forest|plateau|acid pool","temperate|artic|humid|frozen|windy"
652,"Montuno Vigesimal",3300,3.62,0.917,1.58,"grassy hill","windy|frozen|superheated|hot"
653,"Albireo XXI",2029,0.74,0.765,0.99,"sea|cave","humid"
654,"Albireo VIII",2029,3.82,0.572,1.88,"island|river","subartic|tropical"
655,"Albireo XXIV",2029,1.84,0.392,1.67,"field|valley","artificial temperate|rocky"
656,"Aegis Cryptic Omicron",514,0.37,1.189,0.68,"rock arche|reef|cave","windy|artic|superheated|tropical"
657,"Quasar Seraph VI",528,4.57,1.049,1.63,"hill|cliff","hot|temperate"
658,"Shama VII",4612,8.86,1.115,2,"swamp|sea|mountain|vine|ice cave|tundra","artic|superheated|hot|tropical"
659,"Shama XVIII",4612,2.15,1.247,1.2,"rock arche","subartic"
660,"Cujam Janusian",8824,5.93,1.111,1.75,"rock arche|savanna|scrubland","rocky|windy|arid|artificial temperate"
661,"Quantronix Omega",8049,2.36,1.259,1.23,"rainforest","tropical"
662,"Menkib Quintal",5568,1.99,0.978,1.27,"rocky island|mountain|valley|urban|glacier|cliff|savanna|ice canyon","humid|frigid|frozen|arid|artic|rocky"
663,"Menkib Prime",5568,2.67,0.79,1.5,"urban","tropical|windy|temperate|arid|frigid"
664,"Nova Prism Jiu",4200,3.65,1.422,1.37,"forest|plain","hot|tropical|frozen|windy|artic"
665,"Nova Prism Qi",4200,5.82,0.966,1.82,"rainforest|cliff|sea|savanna|reef|jungle|city","tropical|artic|frigid|frozen|arid"
666,"Chaophraya Atlasios",4221,1.25,0.994,1.08,"sea","tropical|frigid|artic|superheated|windy|rocky|humid"
667,"Nembus Octal",3370,1.49,1.074,1.12,"sea|field|bog|sinkholes|rocky desert|plateau","artic|frozen|arid|hot|subartic|artificial temperate"
668,"Nembus Prime",3370,1.25,1.035,1.06,"rock arche|urban","frigid|windy|rocky"
669,"Nembus Duodecimal",3370,5.42,1.043,1.73,"mountain|valley","frozen|subartic"
670,"Natasha Nyxios",8418,0.88,0.997,NA,"tundra|rocky desert|grassland|island|fungus forest|jungle","humid|frigid|windy|hot|superheated"
671,"Quasarionix XIV",8288,10,0.377,2.98,"river|savanna|grassy hill|reef","superheated|frigid|windy|humid"
672,"Quasarionix XXII",8288,3,1.299,1.32,"city","artic|windy"
673,"Quasarionix XIII",8288,2.15,1.049,1.27,"verdant|tundra","frozen"
674,"Elysian Nebula Wu",9695,NA,0.985,1.42,"sea|sinkholes|lakes|rock arche|mountain|ash|rocky desert|glacier","arid|windy|rocky|frigid|hot|artificial temperate|subartic"
675,"Elysian Nebula Ba",9695,7.72,0.629,2.31,"fungus forest","artificial temperate|arid|subartic|humid|artic|frozen"
676,"Tianyi Ba",3760,4.49,0.923,1.69,"reef|canyons|hill|verdant|urban","artificial temperate|arid|rocky|frozen"
677,"Nebulithra Gaian",3459,3.38,0.978,1.51,"mountain|city|jungle|verdant","frigid|tropical|humid|frozen|temperate|artic"
678,"Ronin's Veil Septimal",9803,1.9,0.846,1.31,"rock arche|verdant|urban|vine","frigid|humid|arid|tropical|rocky"
679,"Ronin's Veil Quintal",9803,1.68,1.317,1.08,"city|ash|fungus forest|reef|plateau","frigid|hot|superheated"
680,"Spectrion Jiu",9411,1.01,0.934,1.03,"forest|ice canyon|lakes|field|mountain","arid|humid|artificial temperate|tropical|artic|frigid"
681,"Spectrion Shi",9411,8.16,0.535,2.48,"savanna|bog|tundra","hot|frigid"
682,"Rigel XXI",1282,3.04,1.318,1.32,"rocky desert|rainforest","frozen|artificial temperate|rocky|tropical"
683,"Rigel XII",1282,5.09,0.991,1.73,"lava river|scrubland|cliff|ash","windy|tropical|frozen|superheated|arid"
684,"Solaraflux Theta",5609,2.98,1.224,1.35,"fungus forest","windy|artificial temperate|temperate|tropical"
685,"Quasarlynx Vigesimal",7179,5.3,0.528,2.16,"valley","windy|rocky|arid|superheated"
686,"Exoplanix Helios",421,2,1.155,1.2,"rock arche|jungle|forest|glacier|rocky desert","humid|artic|frigid"
687,"Stellar Whisper Theta",4591,0.94,1.163,0.93,"cityscape|mountain","subartic|artic"
688,"Stellar Whisper Mu",4591,0.96,0.97,1,"hill|toxic cloudsea","hot|subartic|rocky|artificial temperate|artic"
689,"Kamikaze Ascendance Wu",8787,2.68,0.781,1.51,"reef|rainforest|swamp|rocky desert|rocky canyon","hot|superheated|humid|temperate"
690,"Zosma Epsilon",2749,4.86,1.153,1.62,"cityscape|canyons|island|sea","artificial temperate|superheated|rocky"
691,"Illyrian Gaios",9660,4.22,0.923,1.66,"mountain|glacier|hill|canyons","frigid|superheated|windy|artificial temperate|arid"
692,"Seishin Quartal",1088,1.31,1.464,0.96,"plain","arid|rocky"
693,"Seishin Duodecimal",1088,7.01,1.33,1.74,"urban|forest|city","artic|windy|artificial temperate"
694,"Solaris Cascade Sextant",8247,5.83,1.21,1.69,"rocky island|swamp|glacier","frigid|windy|humid"
695,"Tesserara XXI",3581,2.26,1.345,1.19,"toxic cloudsea|ice cave","artic|rocky|subartic|tropical"
696,"Stellarnox Selenean",171,2.66,0.467,1.79,"grassy hill|verdant|cliff|rocky island","tropical|frozen|temperate|subartic"
697,"Hatysa XXII",2120,1.21,0.901,1.1,"sinkholes|volcano","windy|superheated|tropical|rocky|subartic"
698,"Hatysa XXIV",2120,6.35,0.946,1.89,"river|cliff|ice cave|rocky canyon|scrubland|city|glacier","windy|frigid|arid|rocky|temperate|artificial temperate|artic"
699,"Hatysa XIII",2120,0.61,0.676,0.97,"river","subartic"
700,"Mjornir Artemian",1368,4.91,1.009,NA,"tundra","frozen"
701,"Alkaphrah XVI",6861,1.59,0.915,NA,"sinkholes|field|ice canyon|grassy hill|reef|lava river|bog","tropical|frigid|humid|superheated|temperate"
702,"Alkaphrah XVII",6861,3.42,0.938,1.54,"lava river|valley|reef|rock arche|jungle|acid pool","frozen|hot|arid|artificial temperate"
703,"Alkaphrah III",6861,7.86,1.108,1.92,"ash|rock arche","frigid|arid|rocky|temperate|superheated|tropical|humid"
704,"Frostgale Wu",2624,1.87,0.337,1.77,"ice canyon|lava river","frigid|hot|subartic"
705,"Celestara V",6192,5.74,0.785,1.94,"field|rainforest|vine","frozen|tropical|hot"
706,"Zenithria Mu",510,1.7,0.84,1.26,"tundra|rocky island|verdant","frigid|rocky"
707,"Zenithria Omicron",510,9.12,0.805,2.25,"rocky canyon|cave","hot|temperate|rocky"
708,"Hunahpú XXIII",5090,3.68,0.79,1.67,"cave|forest|jungle|rocky desert","arid|frigid|humid|tropical"
709,"Hunahpú XXI",5090,6.05,0.96,1.85,"plateau|rocky desert|river","artificial temperate|frigid|frozen"
710,"Sadachbia Nonal",9767,2.66,0.719,1.55,"ash|rock arche|river|cityscape|jungle","subartic|windy|hot|superheated"
711,"Amun-Ra Mirage Pi",7846,0.92,0.851,1.03,"cliff|lakes|plain|jungle|glacier|urban","superheated|arid|artic|frigid"
712,"Amun-Ra Mirage Iota",7846,1.91,1.289,1.14,"plateau|rocky desert|field|rocky island|ice canyon","frozen|temperate|artic"
713,"Oborozuki Prime",2459,2.34,0.862,1.39,"plain|rainforest|desert","rocky|artic|superheated|humid|artificial temperate|temperate"
714,"Oborozuki Nonal",2459,5.29,0.701,1.96,"canyons|mountain|plain|volcano|jungle","artic|artificial temperate|tropical|windy|superheated|frigid"
715,"Ninja's Radiance Vigesimal",8761,5.12,1.329,1.57,"cliff|jungle|sinkholes|urban","frozen|rocky|frigid|hot"
716,"Ninja's Radiance Quintal",8761,4.95,0.984,1.71,"vine|barren|volcano|urban|rocky island","windy|humid|frozen|arid"
717,"Ninja's Radiance Undecimal",8761,5.37,1.134,1.68,"lava river|grassy hill","arid|subartic|rocky|artificial temperate|superheated"
718,"Heliosys Morphean",6065,NA,0.844,1.74,"savanna|verdant","tropical|rocky|subartic|artic"
719,"Amaterasu Mirage Upsilon",2103,0.54,1.144,0.78,"savanna|lava river|hill","rocky|arid"
720,"Celestros Yi",50,7.14,0.777,2.09,"reef|vine|volcano","hot|frigid"
721,"Lunar Quasar Lambda",5528,2.13,0.641,1.49,"mountain|sea|jungle|lakes|urban","windy|artificial temperate|arid|humid"
722,"Torcular Zephyrian",5923,0.96,0.823,1.05,"grassland|island|plain","artic|humid"
723,"Bubup Poseidian",3396,0.42,0.847,0.79,"grassy hill","hot|subartic|tropical|windy"
724,"Bubup Pantheon",3396,2.77,1.064,1.38,"mountain|plain","rocky|subartic"
725,"Bubup Aetherios",3396,5.01,1.295,1.57,"reef|rocky canyon|jungle|city|ash|river","artificial temperate|tropical|rocky|subartic|windy|superheated|frozen"
726,"Solarflarex V",9394,2.35,0.474,1.7,"grassland","humid|rocky"
727,"Solarflarex X",9394,0.84,1.357,0.85,"river|ice cave|tundra|urban|rock arche|verdant|glacier","windy|artic|artificial temperate|temperate|frigid|subartic"
728,"Khambalia IV",6164,2.08,0.978,1.29,"rocky island","rocky|tropical|subartic|hot|humid|temperate"
729,"Stormcaller XII",8104,0.97,1.122,0.95,"cliff|vine","artificial temperate"
730,"Fjordfall Aphroditos",5005,NA,0.835,1.49,"urban|river|tundra|vine|jungle|rocky canyon|ice canyon|city|sea","superheated|artificial temperate|hot|frozen|rocky|subartic"
731,"Frostfang II",8892,4.15,1.311,1.47,"fungus forest","tropical|rocky|humid"
732,"Alioth Janusian",6485,6.78,1.354,1.71,"plateau|city","temperate|superheated"
733,"Amadioha Octal",5164,0.79,0.615,1.09,"canyons|reef","tropical|subartic|windy|hot|superheated|arid|artic"
734,"Amadioha Quintal",5164,1.26,1.211,1.01,"volcano|fungus forest|mountain","artificial temperate|hot|superheated|tropical|frozen"
735,"Obelisk Beacon XVI",1683,3.22,0.557,1.79,"jungle|lava river|hill","windy|frigid|subartic|hot|temperate|frozen"
736,"Obelisk Beacon XVII",1683,NA,1.211,1.66,"canyons|rainforest|jungle|city|river|vine|jungle","superheated|artic|tropical|arid|frozen"
737,"Cocibolca Epsilon",9243,2.89,0.985,1.43,"river|plain|ash|valley|ocean","superheated|rocky|frigid"
738,"Cocibolca Delta",9243,0.96,0.964,1,"grassy hill|cliff|island","superheated|artificial temperate|windy|arid"
739,"Cocibolca Eta",9243,0.79,0.766,1.01,"rock arche|ocean|grassland|rainforest|plateau","humid|frigid|rocky"
740,"Arkab Posterior Zephyrian",9331,0.39,1.624,0.62,"rock arche|river|fungus forest","humid|tropical|artificial temperate"
741,"Arkab Posterior Orphean",9331,8.49,1.064,2,"rock arche|rocky canyon|ocean","tropical|rocky"
742,"Arkab Posterior Psychean",9331,4.09,1.051,1.57,"island|verdant|rocky desert|ice cave","temperate|frozen|rocky"
743,"Pollux Theta",999,2.47,1.44,1.2,"valley|desert|ice canyon|island|rocky island|ice cave","frigid|frozen|subartic|rocky"
744,"Pollux Psi",999,1.35,1.099,1.07,"savanna|ice cave|bog","subartic|windy|artificial temperate|superheated|hot"
745,"Naos Vigesimal",9578,1.59,0.807,1.25,"bog|rock arche|verdant|valley|island|glacier|cliff","arid|hot|windy|artic|rocky|tropical"
746,"Arcadian Whispers Vigesimal",3360,1.39,0.975,1.13,"cityscape|plain","rocky|hot"
747,"Penumbrion Herculean",548,0.55,0.562,0.99,"plain|bog|river","temperate|subartic|frozen"
748,"Astral Mirage Persephonian",9317,2.64,1.207,1.3,"plateau","superheated|artic"
749,"Segin Upsilon",2603,1.9,0.99,1.24,"vine","artificial temperate|hot|windy|artic|humid"
750,"Marfik Poseidian",3933,5.65,0.628,2.08,"grassland","windy"
751,"Marfik Aetherios",3933,9.77,0.952,2.17,"desert|toxic cloudsea|rock arche","windy|rocky|subartic|artic"
752,"Marfik Pantheon",3933,0.64,1.47,NA,"cityscape|city","rocky|windy|humid"
753,"Starlight Haven XIV",5657,0.63,1.075,0.84,"plain|mountain|scrubland|island|rocky island|bog|plateau","temperate|artic|subartic|superheated|frozen|arid|rocky"
754,"Sadalsuud Xi",8130,3.23,0.351,2.1,"desert","tropical|frozen|arid|subartic"
755,"Scheat Pi",6141,9.06,1.074,2.04,"hill|glacier|city","tropical|artic|frigid|humid|subartic|windy"
756,"Tejat Pi",8473,5.07,1.393,1.54,"ocean|reef","humid"
757,"Tejat Theta",8473,2.98,0.986,1.45,"cave|grassy hill|rocky canyon|plateau|forest","artic|superheated|temperate"
758,"Tejat Delta",8473,3.88,0.991,1.58,"cityscape","humid|artificial temperate"
759,"Solstara Undecimal",9737,2.34,1.072,1.3,"rocky canyon|cliff","temperate|subartic|superheated"
760,"Solstara Octal",9737,7.07,0.922,1.97,"plateau|lava river|river|tundra|bog","superheated|windy|frigid|hot"
761,"Solstara Quintal",9737,8.07,0.87,2.1,"city|ocean|glacier|cityscape","frigid|rocky|superheated|hot"
762,"Nile Celestial Museios",3334,1.91,1.45,1.1,"bog|plain|cityscape|rocky canyon|cliff|lava river|canyons|volcano","hot|arid|artic|frozen|frigid"
763,"Nile Celestial Atlasios",3334,2.98,0.822,1.54,"plain|glacier|jungle|lakes","arid|tropical|frigid"
764,"Cerulean Cryptic Eta",162,0.92,1.122,0.94,"grassland|lakes|fungus forest|grassy hill","tropical|windy|frozen|temperate"
765,"Hotaru Ascendance Hermian",6958,7.09,1.193,1.81,"city|plain|tundra|rainforest|scrubland|urban","arid|temperate|tropical|superheated|subartic|frigid"
766,"Hotaru Ascendance Nymphios",6958,1.39,1.229,1.04,"rainforest|hill","arid|tropical"
767,"Hotaru Ascendance Titanos",6958,3.38,1.234,1.4,"field|desert|reef","hot|rocky|subartic"
768,"Horna Rho",9421,1.55,0.967,1.17,"hill|toxic cloudsea|river","rocky|superheated|arid|artic"
769,"Horna Mu",9421,2.36,1.022,1.32,"cliff","windy|temperate"
770,"Horna Psi",9421,1.66,1.046,1.17,"cityscape","frigid|artic|frozen|rocky|subartic|superheated"
771,"Astroflux Omega",5442,2.6,1.112,1.33,"rock arche|desert|plateau|jungle|acid pool","temperate|arid|subartic|hot|tropical"
772,"Astroflux Rho",5442,4.54,1.343,1.5,"plain","tropical|windy|frigid"
773,"Astroflux Theta",5442,6.49,1.014,1.86,"cave|ice cave|hill|city|rainforest|vine","rocky|humid|hot|frozen"
774,"Cleopatra's Expanse XIV",2911,2.49,1.15,1.29,"savanna|vine|reef","temperate|arid|frozen|hot|windy|superheated"
775,"Ukiyo Reverie Janusian",8191,1.45,0.988,1.14,"grassland|rocky island|savanna|swamp|valley|rainforest|sinkholes|vine|verdant","frozen|subartic|hot|frigid|arid|humid"
776,"Kaminari Enigma Si",9024,1.61,0.819,1.25,"rocky desert|jungle|canyons|scrubland","arid|rocky|superheated|temperate|artificial temperate"
777,"Kaminari Enigma Shi",9024,5.71,0.98,1.8,"river|hill|reef|rainforest","windy|humid|artic|frozen|artificial temperate"
778,"Kaminari Enigma Ba",9024,0.74,1.112,0.87,"vine|cityscape|ash|ocean|reef","frozen|temperate|hot|superheated|subartic|artic"
779,"Azmidi Phi",5549,2.46,1.425,1.2,"glacier|jungle|plain|ice cave|sea|sinkholes","humid|superheated|artic|windy|subartic|artificial temperate"
780,"Hayabusa Nexus Theta",5209,0.61,1.038,0.84,"acid pool|cityscape|ice canyon|cave","frigid|rocky|superheated"
781,"Hayabusa Nexus Chi",5209,1.65,0.995,1.18,"bog|rock arche|mountain","rocky|hot"
782,"Hayabusa Nexus Xi",5209,NA,1.021,1.04,"verdant","frozen|artificial temperate"
783,"Sphinx Nebula Orphean",1144,5.83,0.869,1.89,"lava river|valley|ash","humid|tropical|windy|superheated"
784,"Zaniah Chi",3263,1.34,0.892,1.15,"valley|bog","hot|windy|arid|superheated"
785,"Zaniah Theta",3263,3.83,1.079,1.53,"toxic cloudsea|valley|swamp|grassy hill|plateau","windy|superheated|artificial temperate|tropical|frozen"
786,"Zaniah Kappa",3263,2.43,1.111,1.3,"volcano","arid|frigid|humid|rocky"
787,"Astromara VI",1255,3.57,0.71,1.71,"grassy hill|rainforest","tropical|hot"
788,"Astromara IX",1255,0.35,0.587,0.84,"plateau|reef|lakes","frigid|subartic"
789,"Astromara XIX",1255,5.85,0.652,2.08,"rainforest|rocky island|rocky desert|jungle","artificial temperate|humid|rocky"
790,"Menkent Mu",9028,5.96,1.318,1.65,"sea|cityscape|verdant|lava river|city|ash","artic|windy|frozen|subartic|superheated|frigid"
791,"Heliconian Whispers Echoian",4032,5.64,1.35,1.61,"island|toxic cloudsea|city|glacier|hill","tropical|windy|rocky|frigid|artic|subartic|temperate"
792,"Snowstrider Liu",6380,1.79,0.803,1.31,"urban|bog","tropical"
793,"Mystic Expanse IV",9664,5.13,0.676,NA,"forest","temperate"
794,"Mystic Expanse XXI",9664,1.63,0.764,1.29,"canyons|rocky island|ice canyon|city|reef","superheated|artificial temperate|humid|frigid"
795,"Mystic Expanse V",9664,3.72,1.408,1.38,"ocean|rainforest|field|rocky desert|mountain","humid|hot|rocky|arid|temperate|artificial temperate"
796,"Orion's Echo Quintal",7078,2.04,1.021,1.26,"desert|fungus forest","tropical|arid|frozen"
797,"Gacrux Alpha",7914,0.72,0.779,0.97,"rocky desert|cave|forest","artic|temperate"
798,"Torii Shadows Theta",9508,1.75,0.83,1.28,"hill|glacier","frigid"
